,中文名,消费,评分,评论
0,厦门万丽度假酒店·燃·全日餐厅,¥ 142,4.0,其他位置：
1,醉壹号海鲜大排档·老厦门特色菜,¥ 20,4.8,堪称厦门美食地标之一，肥美海产味悦饕客
2,黄则和(中山路店),¥ 105,4.1,深受老厦门人青睐的小吃店，好评如潮
3,阿里元餐厅·海鲜闽菜(环岛路曾厝垵店),¥ 13,5.0,一家专做闽菜的传承和创新，菜品新颖特别
4,叶氏麻糍(鼓浪屿店),¥ 8,4.3,麻糍纯手工制作，入口香甜味美
5,八婆婆烧仙草(人和店),¥ 28,4.7,集当地传统美食之大成，传承数年经典味道
6,1980烧肉粽·四十年老厦门味道(中山路店),¥ 64,4.5,知名的小清新茶点店，英伦复古的装饰风格。
7,赵小姐的店(鼓浪屿店),¥ 18,4.5,特色小吃种类丰富，传承老厦门味道
8,佳味再添,¥ 22,4.3,主营当地特色面线糊，汤头醇浓、配料丰富
9,阿玲面线糊(溪岸路店),,4.7,
10,乌糖沙茶面,¥ 42,4.4,其他位置：
11,吴招治薄饼,¥ 52,4.3,当地知名面馆，每天食客络绎不绝
12,陈佳甜品(镇邦路店),¥ 23,4.6,名肴薄饼城乡交誉，小吃珍馐咸宜适口
13,局口拌面,¥ 29,4.4,正宗的厦门甜品店，龟苓膏清热下火又美味
14,宴遇yanyu1/2(中华城店),¥ 127,4.5,藏于深巷中的人气小店，拌面酱料浓香美味
15,尚青海鲜加工(八市店),¥ 183,5.0,厦门有名的艺术餐厅，主打创意菜
16,一个烂人开的餐厅,¥ 117,4.7,人气超旺的海鲜馆，取材鲜活肥美
17,醉壹号海鲜大排档,¥ 106,4.7,一个烂人开的餐厅很用心～
18,亚尖大排档(湖里店),¥ 112,4.5,中山路商圈比较有名的大排档，人气很旺，店面也大，最主要的是价格适中。
19,八市钟丽君满煎糕,¥ 8,4.6,人气海鲜排挡，食材新鲜，用料丰富
20,厦门美食城(中山街店),¥ 31,5.0,其他位置：
21,劳松扁食店,¥ 17,4.1,一家只卖扁食和拌面的小吃店，价格亲民，口味独特。
22,凉房,¥ 59,4.7,创意平房内，泰式菜肴精心装饰又不乏鲜美。
23,悦鼎会海鲜姿造,¥ 336,4.7,艺术感十足的自助餐厅，满堂海鲜盛宴。
24,金兰饼店,¥ 17,4.2,古早味馅饼店，虽然店面破旧包装简陋，但是味道却超级赞。
25,开元141海鲜大排档(大元路店),¥ 88,4.3,经营数年的海鲜馆，食材优质，种类丰富
26,八婆婆烧仙草(中山路店),¥ 10,4.6,手工烹制优选食材，蜂蜜烧仙草口感滑嫩
27,卢阿嬷的手艺·手作闽南甜品,¥ 23,4.5,烧仙草香醇料丰，满墙的便签满是赞美。
28,阿信厚吐司(曾厝埯二店),¥ 23,4.6,五月天粉丝必打卡之处，满墙便签写满情怀。
29,鑫阿强姜母鸭曾厝垵大排档(曾厝垵店),¥ 110,4.8,厦门的海鲜真的吃的我炒鸡满足，总算管够了扇贝肉质肥美八抓鱼鲜香入味，最喜欢的就是蛭王，不过在旅...
30,小敏沙茶面,¥ 18,4.8,其他位置：
31,厦门艾美酒店,¥ 333,5.0,海椒麻麻辣辣的很香，菜品挺多，而且味道不错。 就餐环境十分的好。而且价格还不贵，十分的划算。
32,舒友海鲜姿造(海湾店),¥ 55,4.7,闽南风的自助餐厅，丰富海鲜不限量供应。
33,聪辉同安封肉(大元路3号店),¥ 21,4.3,传承几代人的同安封肉，味道让人念念不忘
34,月华沙茶面店(中山路店),¥ 122,4.3,以沙茶面而远近闻名，口味正宗美味
35,临家闽南菜(前埔店),¥ 92,4.6,极不喜欢这家，装修还算可以，但是菜品真的很一般，根本不是闽南菜，说是客家菜更准确，现在也有退出...
36,鼓浪屿幸福天空花园旅馆餐厅,¥ 99,--,菜品种类非常多样，摆盘精致，味道可口，其中海鲜大会比较出名。地理位置优越，环境非常清新文艺，在吃饭时可以欣赏到鼓浪屿的…
37,小眼镜大排档(汇成店),¥ 29,4.4,海鲜采用闽南酱油水制法，锁住十分鲜味
38,莲欢海蛎煎,¥ 14,4.4,上过《舌尖》的小吃店，海蛎煎名声远扬
39,龙头鱼丸店只卖手工鲨鱼丸,,4.3,专注于手工鲨鱼丸，三十余年成就地道口味。
40,三年二班海鲜小炒总店(曾厝垵店),¥ 65,4.4,其他位置：
41,八婆婆烧仙草(鼓浪屿店),¥ 11,4.4,怀旧校园风的餐厅，每个细节都充满趣味。
42,沈家闽南肠粉,¥ 14,4.5,蜂蜜烧仙草清爽可口，奶茶烧仙草浓郁香甜，用料丰富，便宜大杯。
43,浮屿大同鸭肉粥·始于1983年,¥ 24,4.5,现蒸现卖的闽南肠粉店，入口软嫩爽滑
44,甜心凯特(中山路店),¥ 32,4.7,几十年如一日的老味道，鸭肉粥鲜美浓稠
45,龙头北仔饼,¥ 3,3.0,萌系甜品店，满墙便签均是幸福滋味。
46,懒人与海,¥ 22,1.0,摊子比较不起眼，北仔饼外形看起来很像迷你的大饼，摊子仿佛也么有人看顾的样子，总是有很多苍蝇飞来飞去
47,厦门海悦山庄酒店·爵士西餐厅(JAZZ西餐厅),¥ 260,4.6,特别好吃，以蚝干为特色，走遍鼓浪屿都没找到，我记得在美泽楼的旁边，于是乎地图导过去，转了半天，...
48,黄则和,¥ 22,3.6,提供地道意式美食飨宴，装潢尽展爵士风情
49,友生风味小吃(营平农产品市场店),¥ 26,4.5,烟火气十足的口碑摊位，沙茶面滋味独到
50,再临厦门·海鲜粥闽南小炒,¥ 79,4.7,其他位置：
51,八市阿杰五香,¥ 9,4.5,招牌海鲜粥料足味鲜，各式海产味美肉多
52,黄胜记鼓浪屿肉松店,¥ 66,4.6,谢霆锋曾来探店，炸五香滋味妙不可言
53,明月虾面(厦禾路店),¥ 23,4.6,创于1842年的老店，手工打造传统滋味
54,四里沙茶面(原湖滨四里店),¥ 27,4.6,多年来坚守食材品质，招牌虾面喷香勾涎
55,babycat私家御饼屋(龙头路三店),¥ 41,0.0,人气火爆的沙茶面，汤头浓郁鲜美配料丰富
56,班沙客Banshake,¥ 70,4.6,馅饼种类很多，环境也挺小资，如果有时间，不妨坐下来，要杯喝的，慢慢享受。
57,南普陀素菜馆,¥ 10,4.5,色彩缤纷的甜品店，带酒味的奶茶独此一家。
58,晴天见(曾厝垵店),¥ 31,4.5,佛家清静之地品纯净素食，菜名充满禅意
59,在这里厦门特色小吃店,,4.3,温馨的冰淇淋店，口感清爽只有晴天才开门。
60,阿吉仔(大元路店),¥ 39,4.6,其他位置：
61,宴遇·福建荟馆(新景中心店),¥ 288,4.6,当地人钟爱的点心铺，坚持传统手艺传承
62,集美大学万人餐厅,¥ 9,4.6,艺术感十足的餐厅，菜式摆盘匠心独运。
63,黄师傅凤梨酥,¥ 48,5.0,集美大学最有名的食堂，人气火爆，超高性价比。
64,宴遇(SM店),¥ 139,4.5,1968年，年轻的黄远堂在凤梨外销过剩的情况下，萌生凤梨制成内陷包入大饼的想法。1968年，第一代凤梨饼由此诞生。黄远堂说，每…
65,三老鼓浪屿专卖,¥ 36,--,从摆盘、器皿到灯光无一不体现创意思维。
66,Mango,¥ 93,--,在岛上一个很幽静的地方
67,箜曲九季西餐厅,¥ 18,--,早餐肯定是包含在房费里的，达标了。湖畔西餐厅的自助餐，午餐是108元每位。习惯的睡前咖啡。★入住酒店
68,五缘水乡酒店,,1.0,传承老祖宗手艺的传统地道小吃
69,蛋满灌(龙头路175号店),,4.5,
70,翔寅小吃店(五谷市店),¥ 17,4.0,其他位置：
71,鼓浪屿老人,¥ 19,4.3,
72,天妇罗·天燚 (五缘湾店),¥ 64,--,
73,匠味烤鱼(IOI店),¥ 70,--,
74,匠铺·生腌海鲜(假日商城店),¥ 94,--,
75,小笨鹅乡村铁锅炖,¥ 35,--,
76,醉生腌(凤屿路店),¥ 117,--,
77,岁亭宛,¥ 90,--,
78,潮鹭潮州菜·鱼生·生腌·海鲜砂锅粥,,--,
79,孔六私厨(曾厝埯店),,5.0,
80,潮汕粥坊·生腌·海鲜,¥ 75,--,其他位置：
81,途纪·海岸线咖啡厅,¥ 47,3.3,
82,Fly up天空酒廊(海景双子塔店),¥ 30,--,
83,Nomi半岛,¥ 36,--,
84,芋包王,¥ 97,--,
85,月半多事(集美分店),¥ 86,--,
86,山遇桃源餐厅,¥ 125,4.3,
87,吃饭,,--,
88,班小串·鲜牛肉烧烤(明发烧烤地标店),,4.5,
89,开个小灶(集美美食地标店),,--,
90,,,,
91,,,,
92,,,,
93,,,,
94,,,,
95,,,,
96,,,,
97,,,,
98,,,,
99,,,,
100,浸话论茶饮连锁总店,¥ 17,5.0,其他位置：
101,后田海鲜大排挡,¥ 89,4.8,以蓝色为主调的闽菜馆，海鲜肥美甘甜。
102,大厨的餐厅(曾厝埯总店),¥ 108,4.5,这里最有名的还是各地小吃和特产。龙头路商业街：是鼓浪屿的主要商业街
103,龙头路美食街,¥ 169,4.6,海鲜大餐
104,213海鲜大排档(沙坡尾店),¥ 277,5.0,厦门美食 ｜ 厦门人都来吃的海鲜馆
105,水天一色·老厦门海鲜馆(枋湖店),¥ 27,5.0,日式风格的餐厅，采用新鲜食材制作日料。
106,樱煮和食日本料理,,4.9,八婆婆是一定要单独拿出来说的，我妈是一个不怎么喜欢吃甜食、不喜欢吃零食的，但是她都说这个好喝，...
107,八婆婆,,4.5,
108,食汇速食(集美学村店),,--,
109,厦大芙蓉餐厅,,2.9,
110,厦门希尔顿逸林酒店·圆聚自助餐厅,¥ 150,4.4,其他位置：
111,来来海鲜大排档(只有一家店),¥ 160,4.7,尾牙吃起来
112,厦门沙茶面,¥ 19,--,满墙绿植与明信片，诗与远方似乎触手可及。
113,绿皮火车泡芙(晃岩店),¥ 22,4.8,网红鱼丸，丸子有鱼丸和虾丸，可以邮寄，4包起免邮
114,林氏鱼丸(曾厝垵店),¥ 30,4.2,店内布置文艺清新，糕点甜品精致可口。
115,285蚝味馆(八市店),¥ 81,4.3,
116,大嶝渔村,¥ 94,3.8,
117,思明面包店,¥ 8,4.1,
118,金包银,¥ 3,4.4,
119,Chello(沙坡尾店),¥ 48,4.5,
120,森澜小苑猫咪主题咖啡馆(猫街店),¥ 37,3.3,其他位置：
121,乐雅无垠酒店霁廊餐厅,¥ 117,4.1,特色壁画营造海洋之境，丰富海产肥美鲜活
122,金家港海鲜大排档(中山路店),¥ 145,4.9,这家酒吧的对岸就是鼓浪屿，驻唱颇有功力。
123,丽江龙继斑鱼庄(罗宾森购物广场店),¥ 105,5.0,菜品新颖独特，环境优雅。
124,杜尚SOUL BAR,¥ 140,4.3,环境活泼，更适合年轻人。
125,茶元舍主题概念餐厅,¥ 109,4.0,活海鲜直接上桌烹煮是这家海鲜餐厅的特色。
126,动手吧 | 徒手料理餐厅,¥ 79,--,品味美食，欣赏美景。
127,禾湟记海鲜捞(厦禾店),¥ 46,4.6,装修活泼，适合年轻人。
128,鑫阿强海鲜排档,¥ 113,3.5,
129,蜀媚娘,¥ 57,4.5,
130,堂宴·老厦门私房菜(1988仙岳总店),¥ 104,4.5,其他位置：
131,王品牛排(SM新生活广场店),¥ 443,4.7,古典派餐厅，食材颇为讲究，备受明星青睐。
132,亭悦庄丨老别墅私房菜,¥ 265,4.6,一头牛仅供应6位客人，保证了牛排的品质。
133,辣嗑·鱼头专门店,¥ 24,--,隐匿于都市间的私房菜馆，用餐体验绝妙
134,夜宴烧烤小酒馆,¥ 60,--,中山路的这家海鲜味道也很不错
135,南志坊海鲜大排档,¥ 66,4.3,南国风情浓郁的自助餐厅，可观鼓浪屿全貌。
136,鹭江宾馆·自助餐厅,¥ 217,4.7,提供主食、海鲜、正餐，也有蔬菜和汤，菜品搭配合理，摆盘精致，环境优雅，价钱适中。
137,绿皮火车泡芙(猫街店),¥ 20,4.8,手绘菜单与墙体颇有文艺范儿，主打西餐。
138,上屿水产创意海鲜餐厅,¥ 148,5.0,
139,海怪先生西餐厅(鼓浪屿美食地标),¥ 77,4.8,
140,胖妈面餐厅,¥ 55,--,其他位置：
141,厦门大学芙蓉餐厅,¥ 36,3.8,主营特色私房川菜，其中汤面和拌面较为出名，味道正宗，环境干净卫生，深受食客喜爱。
142,老厦门鼓新一品·本港海鲜,¥ 77,4.1,开放给游客的厦大学生餐厅，种类丰富且平价，就在芙蓉隧道旁边。
143,老宅,¥ 30,--,本地人家的海鲜小馆，菜肴入味，诚实服务，价格良心实惠。
144,臺湾朱頭三芝麻杏仁脆肉片(福州路137店),¥ 63,4.5,主要经营当地特色小吃，种类较少，但口味地道，价格实惠。其中沙茶面最受食客欢迎，不可不尝。
145,星宿秘码咖啡小酒馆(星宿秘码),¥ 55,--,"纠错第八弹：绵绵，是猪头三不是朱头三
"
146,甘单台湾小吃,¥ 20,3.0,主要售卖十二星座鸡尾酒和各类饮料，店内的装修主题为十二星座，风格独特，气氛极佳，是游玩休憩的好去处。
147,罗望·鼓浪屿北屿酒店·东西餐吧,¥ 98,4.9,甘单台湾小吃是一家地道台湾小吃店，甘单在闽南语中是简单的意思。主营台湾小吃，品种丰富，价格实惠。
148,齐诺伊老墅咖啡馆,¥ 31,--,各种出名的店都在岛上有无数家分店这家肠粉店是唯一一家没有开分店的老店了。就刚刚那肠粉，还挺好吃的
149,天河西门土笋冻,¥ 32,4.4,一家具有小资情调的咖啡馆，店内的菲律宾烤香肠饭和拿铁备受游客喜爱。咖啡馆环境幽静，性价比高，还可以玩桌游。
150,厦门鹭江宾馆·观海餐厅,¥ 130,4.6,其他位置：
151,榕树下小吃店,¥ 20,4.2,主打粤式茶点，用餐时听涛看海，别具风情
152,西堤咖啡一条街,¥ 24,4.8,...是有几家店不错的，推荐一家叫做榕树下的沙茶面店，大概15元一碗，比别的地方多加3样料，可以一尝
153,小马哥起司马铃薯(鼓浪屿店),¥ 106,4.5,"【西堤】
这里是中国咖啡馆密度最高的一条街，那些裹在阳光怀里的咖啡馆，让人流连忘返"
154,小眼镜大排档(万佳东方店),¥ 21,4.3,香甜芝士、软糯马铃薯组合出美妙滋味。
155,大中沙茶面(中山路店),¥ 134,4.3,现吃现点的海鲜店，酱油水的做法鲜味十足。
156,好久不见网红乐队酒吧(鼓浪屿海底世界店),¥ 18,4.9,深藏巷中的地道美味，沙茶面滋味醇浓。
157,吴再添小吃店,¥ 78,4.5,驻唱歌手低吟浅唱，各式酒类梦幻迷人。
158,佳丽海鲜酒楼(环岛路店),¥ 54,4.2,当地知名的小吃店，老厦门的传统风味
159,菜市场博物馆,,3.0,知名海鲜酒楼，面朝大海景色很赞，除了海鲜还有粤式点心。
160,,,,
161,,,,
162,,,,
163,,,,
164,,,,
165,,,,
166,,,,
167,,,,
168,,,,
169,,,,
170,Judy's Café(龙头路店),¥ 42,4.0,其他位置：
171,糖猫(内厝澳路店),¥ 74,4.7,...失在鼓浪屿的街头小巷里，鼓浪屿的文艺小店和美食小店早就久闻其名，心动不如行动，直接开始吃货之旅
172,龙头路,¥ 87,4.5,下着雨的午后，我们被包围在飘香四溢的小店里，感觉满满的幸福和甜蜜。对于我，我还是喜欢小清新的鱼丸汤
173,褚家园花园餐厅(鼓浪屿店),¥ 22,4.5,鼓浪屿一向是美食和文艺的代名词，在这里就是要吃的有情调~
174,四里沙茶面(后江埭路店),¥ 33,4.4,尊享万千殊荣的老洋房咖啡馆，底蕴深厚。
175,老思西沙茶烤肉店,¥ 23,4.2,...家，够浓够香够滋味，材料也够新鲜，豆干鸭血猪腰肉羹是标配，另外肉筋煎蛋削骨肉猪肝沿也是常吃推荐
176,湖畔咖啡厅,¥ 28,4.3,老厦门传统古早味烤肉
177,原巷口鱼丸店(中山路店),¥ 61,3.8,人不多，有学生，有旅客，难怪说厦大是恋爱圣地呢，想想坐在窗边，遥望那片椰树林，荷尔蒙不被激发才怪呢
178,海上花园西餐厅,¥ 10,1.0,拥有近两百年历史的老店，门庭古色古香。
179,福伯烧仙草(中山路店),,4.4,酒店里的早餐一般，不过外部环境还是不错的：对面就是码头，可以坐环半岛的船。
180,喜林阁咖啡旅馆,¥ 31,0.0,其他位置：
181,猴年马月餐吧(鼓浪屿店),¥ 47,4.2,鼓浪屿民宿｜带你打卡花园式咖啡旅馆
182,八婆婆烧仙草(火车站二店),¥ 14,4.5,猴年马月找到这家店绝对是个意外，内厝澳路相对于龙头路来说非常的远，又要穿过龙山洞又要走很多路，...
183,龙头路马拉桑(龙头路二店),¥ 27,0.0,他们家果真就烧仙草最正宗，而且价格公道。也吃过他们家小笼包，还不错，皮薄汁儿多
184,蔡家坡面馆,¥ 103,--,超火爆的粤菜馆，厦门做粤式茶点最好的一家，种类多且味道佳。
185,潮福城(轮渡店),¥ 107,4.4,海鲜均是当天捕捞，水煮小鱿鱼嫩滑爽口。
186,海敢小鱿鱼(文园店),¥ 42,4.4,出了厦大门看到【阿姨家】，我就跟大伙儿开玩笑说去我家坐坐。超满足
187,阿姨家(演武路店),¥ 92,4.3,名不虚传生意真的很好 三舅说他们做到七点就不做了 点了三个特色菜 再加一份炒饭 价格便宜味道不...
188,日舞,¥ 52,4.6,
189,三舅家私房菜,,4.5,
190,不见不散酒吧,¥ 78,3.0,其他位置：
191,荣记沙茶面,¥ 24,4.4,...上逛了没多久，就准备去酒吧坐坐，感觉在这样一个很有情调的小岛上喝一点小酒，自己也变得文艺起来了
192,黄胜记金香肉松店,¥ 58,4.3,晚饭选择了这家荣记沙茶面，味道还是挺不错的.看来我是真的很喜欢吃沙茶面
193,胡桃夹子主题水吧,¥ 38,4.5,门店是半开放的，一个展卖台把小店分为里外，里面是存货，买啥老板就会直接转身给你拿，外面有长长一排试吃
194,四里沙茶面(厦禾路故宫路店),¥ 25,4.3,我点了一杯 迷失鼓浪屿 味道不错，意境也不错。这是一家以胡桃夹子为主题的cafe
195,爱茜茜里(SM店),¥ 32,4.0,"向正西方向出发
沿湖滨南路走600米，左转进入人行道
沿人行道走30米，直走进入故宫路
沿故宫..."
196,龙头路小吃街,¥ 74,4.5,厦门龙头路小吃街位于思明区龙头路418，是最繁华的商业街、也是最热闹的小吃街，品种繁多，有别与它处的事特别小资，很有情调。
197,捞海坞餐厅(古厝里外院店),¥ 81,4.5,隐藏在老宅里的餐厅，满院草木，清幽斑驳。
198,海鲜大排档,¥ 21,4.6,虽然环境略简陋，但所有的海鲜都很新鲜，烹煮手法无可挑剔。
199,大学一食堂,,4.3,...，尽管如此，里面食物的价格依旧是非常亲民，午饭我们点了些海鲜，便宜得流泪，而且味道也是很不错的
200,照强海鲜排档(大学路店),¥ 82,4.5,其他位置：
201,美丽时光咖啡,¥ 40,--,有滋有味的大排档，品尝这里的市井烟火气。
202,桂莲(内厝澳路店),¥ 125,4.5,逛了一大圈后，肚子提出了强烈的抗议，于是，龙头路美食偶们来啦
203,康家龙头海蛎煎(龙头路二店),¥ 18,4.3,氛围红火的粤式茶楼，脆皮乳鸽外酥里嫩
204,潮福城大酒楼(湖滨北路店),¥ 109,4.5,古典的花园咖啡厅，装潢简约文艺安静美好。
205,32 How,¥ 79,4.5,"这里的小鱿鱼是特色，不过鉴于本姑娘不能吃辣，老公也妥协了点了带壳的和石斑鱼
到厦门吃海鲜一定要..."
206,厦大逸夫楼中餐厅,¥ 99,4.8,餐食获各界名人赞誉，传统烹饪展闽菜精髓。
207,蘑菇休闲咖啡旅馆,¥ 365,0.0,
208,小鱿鱼,¥ 56,0.0,
209,味友·厦门味(集美店),¥ 80,4.0,
210,,,,
211,,,,
212,,,,
213,,,,
214,,,,
215,,,,
216,,,,
217,,,,
218,,,,
219,,,,
220,食汇堂,¥ 57,--,其他位置：
221,曾叔的店,¥ 30,4.6,随手翻开榴莲旅游提供的手绘地图，按照地图的指引我们前往首站“曾叔的店”
222,邵子牙贡丸·鱼丸·中华老字号(定安路店),¥ 32,4.6,按邵家手工秘方挑选新鲜食材制作鱼丸
223,莲花公园煎蟹,¥ 152,4.6,厦门吃蟹必去之地，招牌煎蟹肉质肥美紧实
224,熊如意(曾厝垵店),¥ 19,4.8,"❤❤❤❤❤（香甜口味）
特色：❤❤❤❤
性价比：❤❤❤❤
用餐环境：随走随吃
详细：对于喜欢吃..."
225,鲤鱼门食府(环岛路店),¥ 166,4.8,肉粽里面加的料很多，沾了酱以后真的很好吃哦
226,1980烧肉粽（厦禾路店）,¥ 12,0.0,沙虾49蚊/斤，好细只，又不是特别的甜。味道好特别。但5系甘新鲜。尼度既招牌的深海鱼粥
227,永记深海鱼•石斑鱼粥(环岛店),¥ 89,4.1,海蛎超级多，虾仁是已经剥好的基围虾虾仁，太值了，当时觉得挺好吃，后来觉得应该是正宗的，汤可以喝...
228,禾祥西路,¥ 167,5.0,由于男朋友及其不满意这个行程，我们就坐了好久的公交去到厦门的东边，这儿其实没有什么景点，我们几...
229,南海渔村(环岛东路店),,3.4,
230,哈根达斯(磐基中心店),¥ 88,4.5,其他位置：
231,猪老三三老五更闽南烧肉粽(猪老三二店),¥ 40,4.9,...、香草、巧克力、杨梅等等很多位，配合热巧克力酱味道很好，表面裹上一层很快就凝固，变的微脆的口感
232,老思西沙茶烤肉店,¥ 163,0.0,岛上很多小店都有自己的章，很多人都会去盖
233,老别墅西餐馆(西堤路店),¥ 49,4.4,...，小烤肉店，生意很好，厦门很多家小吃店都是这样，门面不大，环境也一般，靠的就是多年的品质与名气
234,正宗时和利姜母鸭,¥ 31,3.0,由老别墅改造而成，德国老板打造正宗西餐。
235,厦门沃头蠔干粥(新光店),¥ 67,4.0,既能补气补血，还能滋阴降火，对于各路“美食鉴赏家”而言，这种既美味又养生的食物怎么能错过呢
236,港记茶餐厅,¥ 29,4.2,环境如80年代的港片，港式茶点口味地道。
237,阿呆少爷,¥ 63,4.3,...语：小店位置不错，装潢很好，产品单一，只要为饮品和冲剂，但包装很不错，适合买一两个作为礼物送人
238,外婆家(中华城店),,4.3,今天是大年初一，我们要回家了，我在携程上订了送机服务，时间还早，午饭就在昨天没吃上的外婆家解决吧
239,阿良露天大排档,,1.0,
240,鲜蚝馆(思北店),¥ 81,3.8,其他位置：
241,方仔佳大同鸭肉粥,¥ 15,2.5,生意火爆的鸭肉粥店，夜宵者的不二之选。
242,福记鱼丸,¥ 9,5.0,全厦门人气数一数二的土笋冻特色店，口味一流，回头客很多。
243,老二市口土笋冻(幸福路店),¥ 18,4.3,曾记的烤鸡翅和蒜香茄子味道真心不错。给朋友写了很多明信片 直到临走之前才扔进邮箱
244,华福鸡排,¥ 20,3.0,几乎在厦门知名景点，都能看到这类店铺，好喝不好喝不清楚，但是光听名字就有点心动
245,肯德基(鼓浪屿店),¥ 38,4.3,藏匿于巷子中的闽菜馆，环境古朴又简约。
246,三真丸子美食坊(故宫路店),¥ 23,4.2,
247,曾记烧烤,¥ 31,4.2,
248,张三疯猫式奶茶&杂货铺(曾厝埯1店),¥ 24,4.1,
249,黑石元·老厦门特色菜(中山路店),¥ 111,4.6,
250,越城记黑鱼煲(中华城店),¥ 67,4.1,其他位置：
251,阿川海鲜大排档(总店),¥ 89,3.4,服务超级差，十点关门，九点去吃饭说自助蘸料不卖了！味道一般般，鉴于南北口味差异不做评论
252,肯德基(厦门北站店),¥ 38,4.2,原本龙头路只有一家老店，现在据说已经有分店开到厦门岛上了，厉害啊
253,张三疯奶茶店(龙头路店),¥ 20,3.9,选择的299元经典中医推拿，包含足浴、推拿、面膜三大项，非常专业
254,麦当劳(集美石鼓店),¥ 31,4.5,烟火气十足的老牌小店，虾面鲜甜香醇。
255,马哥孛罗东方大酒店莲苑中餐厅,¥ 157,4.6,当地人特别钟情的老字号小吃店，主营传统小吃油葱粿以及麻糍，另外蒜蓉枝更是口味一绝。
256,凤凰花咖啡厅,¥ 16,0.0,北欧清新风的甜品店，茶水可无限续杯。
257,槟榔虾面弟(槟榔西里店),¥ 28,4.2,
258,金宝油葱粿(斗西路店),¥ 14,4.3,
259,枫多士(莲坂店),¥ 53,4.6,
260,,,,
261,,,,
262,,,,
263,,,,
264,,,,
265,,,,
266,,,,
267,,,,
268,,,,
269,,,,
270,,,,
271,,,,
272,,,,
273,,,,
274,,,,
275,,,,
276,,,,
277,,,,
278,,,,
279,,,,
280,必胜客(名汇广场店),¥ 56,4.6,其他位置：
281,味千拉面(铜锣湾店),¥ 33,4.0,客家风味浓郁的餐厅，盐酒三黄鸡是特色。
282,康家,¥ 18,--,...，回家吃觉得真心很美味，自己做过烘焙就知道这个饼皮真是自己捏出来的，口感超赞，后悔没多买几个了
283,欢欢沙茶面,¥ 78,4.1,滋而不腻的药膳，是福建传统的特色美食。
284,来客家食府(厦禾路店),¥ 31,4.5,厦门第一家猫主题咖啡馆，环境比较居家型，风格简洁大气。
285,Babycat私家御饼屋(禾祥店),¥ 49,4.4,
286,灌顶姜母鸭,¥ 27,4.5,
287,甜思思,¥ 106,4.0,
288,良峰海鲜酒楼(禾祥西路店),¥ 36,3.6,
289,猫墅咖啡馆,,5.0,
290,古柏·明星出没咖啡厅(筼筜路店),¥ 63,4.0,其他位置：
291,猫咪博物馆,¥ 54,3.9,你们应该想不到这张照片居然是叫一个6岁小朋友拍的 一个劲的夸他很厉害呢哈哈。还是自然随意拍的好看
292,李家庄咖啡厅,¥ 127,4.5,猫咪博物馆是一家猫主题咖啡厅，猫咪是其中最大的焦点。
293,曾厝垵沙县小吃,¥ 6,--,"
庭院深深，红砖砌墙，老树参天，亭亭如盖，环境十分幽静。每条小巷都风情万种，每幢老建筑都有一段故事"
294,香辣会(骏豪店),¥ 17,4.7,沙县小吃以其品种繁多、风味独特和经济实惠而著称，成为福建饮食文化百花园中的一朵奇葩。
295,无名面线糊店,¥ 50,--,主打改良的新派川菜，菜肴呈蜀地美食精髓
296,老思西沙茶肉串,¥ 216,--,店如其名，装修确实一般，店面也不大，不过可能是因为店址位于鼓浪屿上，来往的游客还是很多，当然，这里的面线糊口感也不错。
297,鹭江宾馆咖啡厅,¥ 46,--,餐厅位于环岛南路，依山靠海，风景绝佳。
298,厦门荣誉国际酒店·中餐厅,,4.5,
299,水岸咖啡馆,,3.0,
300,心素食坊,¥ 80,4.2,其他位置：
301,斯利美冰品店,¥ 69,5.0,中午去集美万达广场吃了斯利美的超级芒果冰
302,花邸,¥ 36,4.3,文艺青年必去的餐厅，氛围很是惬意。
303,局口水族川味园,¥ 98,--,经营多年的海鲜大排档老店
304,蔡塘大排档,¥ 45,4.6,二十余年坚守初心，沙茶面汤汁醇浓。
305,吉荣鱿鱼(国办总店),¥ 23,4.3,"生蚝个头特别大，但是味道一般般啦，没有小的好吃
大个儿的20元/2个。我们吃的就是这家八婆婆哦"
306,兴开禾沙茶面(开禾总店),¥ 13,4.0,
307,比哥鸡排(中山路店),¥ 18,4.1,
308,八婆婆烧仙草(大润发店),,4.4,
309,鹭江夜游海上甜品屋,,5.0,
310,时光若刻咖啡书吧,¥ 25,4.5,其他位置：
311,鑫客家(仙岳店),¥ 82,4.1,味道真心不错，也可能是我们饿了，总之可以这是我们在厦门吃的最舒服的一顿了。两个人四个菜190
312,小鱼儿海鲜餐厅(金桥路店),¥ 108,4.1,厦门沙茶面是厦门的著名小吃，属于闽菜小吃。其妙处在汤头。主料之一的沙茶是选用上等的虾头，经拌盐腌制两个月以上，再磨细，…
313,在这里沙茶面,¥ 23,5.0,...披萨，沙茶面（好吃，推荐），香草奶冻（淋的果酱偏甜），五香卷（不错），两大一小完全吃饱才285
314,好吉利,¥ 32,--,
315,满记甜品,¥ 158,--,
316,黄远堂凤梨酥•保密配方(曾厝垵一店),¥ 21,4.0,
317,临家民间菜,¥ 204,5.0,
318,虾面馆,,3.8,
319,厦门瑞颐大酒店·琴岸咖啡厅自助餐,,4.6,
320,芋包王闽南茶楼(八市店),¥ 53,4.5,其他位置：
321,鹭景特色海鲜(金鸡亭店),¥ 77,4.7,四代传承的芋包王，无人能挡的美味
322,"花藤蜗居咖啡旅馆地址,",¥ 100,0.0,不管家庭吃饭还是公司聚餐都非常推荐！吃了很多大排档，鹭景是让我印象深刻的一家店。美味不贵，真的实惠
323,东南海鲜馆(华侨海景城店),¥ 139,4.2,地理位置不错，距离中心区很近，不过比较老旧，服务也是一般般的，虽然有基督教的标志和每天早上的钢...
324,厦门帝元维多利亚大酒店·自助餐厅,¥ 30,4.8,
325,佃香|小佃农家(文灶店),¥ 98,4.2,
326,同安煎蟹大排档(湖滨南路店),¥ 77,4.0,
327,豪佳香牛排人文咖啡馆(集美店),¥ 55,3.9,
328,林语堂故居巷口小吃,,4.0,
329,咖啡康塔塔,,3.0,
330,助屋,¥ 16,--,其他位置：
331,仙草南路(SM二期店),¥ 20,--,康熙来了推荐的街头小店，花生卷细腻滑嫩，口感独特。
332,台湾妞妞猫花生卷冰淇淋,¥ 13,4.8,最喜欢他们家的榴莲班戟，好吃到爆，里面的榴莲是实实在在的果肉啊。无时无刻，人都好多
333,港记甜品(罗宾森店),¥ 37,4.1,在路边的小车，5元一根，各种口味。
334,吴伯棒冰,¥ 5,--,接地气的口碑小店，招牌面线糊口味独特。
335,浮屿面线糊店,¥ 10,4.1,田园风格装修的餐厅，是酒店附带的，团购价格更加划算。
336,179康泰家庭小海鲜,¥ 51,4.7,后来听人说阿肥发是沙县小吃店中最正宗，味道最好的，所以才去试试
337,波萨诺瓦精品酒店餐厅,¥ 48,4.0,
338,龙头路北仔饼,¥ 13,--,
339,阿肥发扁食(皇达店),,4.0,
340,饭先生,¥ 23,4.0,其他位置：
341,丹鼎铁板料理,¥ 465,4.9,小店很文艺噢，去了2次，饭真的很好吃哦，很有味，小吃特别是鱿米花很好吃，盆栽奶茶，果酒也很棒噢
342,闽宗闽台肠粉·始于1987年(曾厝垵店),¥ 20,4.4,高颜值的菜品像一场精彩的美食show。
343,张记云霄小吃,¥ 51,5.0,央视推荐的人气肠粉店，口味凸显当地特色。
344,东北马大姐手工水饺,¥ 47,5.0,鱼丸味道很纯正，还有煎饺是我吃过最好吃的煎饺！价格特别实惠。我们六个人才总的消费了65
345,好口味煎蟹馆,¥ 66,4.5,香飘满街的姜母鸭店，鸭肉入口浓香
346,古厝甜头面线馆,¥ 191,--,饱满肥美的海鲜令人垂涎欲滴，风味独特。
347,百家春好德来姜母鸭,,4.4,悦华很特别的是提供很多本地特色美食，手工碱粽，贡糖，麻糍，湖头炒粉，花生汤，大肠血……在这里可...
348,小林海鲜小炒(学生公寓后厝店),,4.8,
349,厦门悦华酒店·绿庭主题自助餐厅,,4.6,
350,骨之味(集源路店),¥ 103,4.7,其他位置：
351,汉拿山(万达广场湖里店),¥ 106,4.1,油烟上排的方式吃完身上味道不会太重
352,好食来大排档,¥ 96,4.8,正宗的闽菜海鲜在这里都可以品尝到
353,鼓浪屿®馅饼,¥ 58,4.6,馅饼都是纯手工制作，饼皮酥脆，馅料饱满。
354,Miryam老别墅旅馆,¥ 762,--,金牌名厨萃取当地最淳朴的食材，地道的闽南风味，优雅的用餐环境。
355,日月谷静月轩中餐厅,¥ 100,4.1,"营业到凌晨三点，半夜12点去依然火爆的店，但却不好吃呢；
【环境】不好啊，虽然是室内，但局促的要命"
356,桂莲(龙头路店),¥ 292,4.4,除了这个小吃，真的很好吃，应该是手工做的凤梨酥😁
357,285蚝味馆(中山路店),¥ 85,4.4,
358,鹿港小镇(滨北店),¥ 107,4.4,
359,黄则和花生汤店(台湾街店),¥ 20,4.0,
360,厦大烤场,¥ 21,4.0,其他位置：
361,美汁美客(龙头路店),¥ 19,3.8,一看，就知道咖啡师技术不错，奶泡融合都很有水平，一喝果然口感超好，咖啡很香，量也足，哈哈
362,在云端咖啡(集美店),¥ 71,4.8,...种骚味，整只鸭非常入味，而且鸭肉虽然炖了很久时间，但不是那种很烂，肉紧中又有烂，有嚼劲又不塞牙
363,福春姜母鸭(火车站店),¥ 39,3.7,近二十年的烹制历史，名扬百里之外的特色小吃。
364,星巴克(厦门SM新生活广场店),¥ 25,4.3,吃过最好吃的凤梨酥没有之一，皮薄馅料丰富，香味袭人
365,鲜芋仙,¥ 15,4.1,
366,木吉他音乐坊·无酒精Live演唱,¥ 20,5.0,
367,四里沙茶面(建发花园店),¥ 38,4.2,
368,黄远堂凤梨酥(中山路一店),¥ 11,4.5,
369,西北拉面(松岳里店),,4.0,
370,,,,
371,,,,
372,,,,
373,,,,
374,,,,
375,,,,
376,,,,
377,,,,
378,,,,
379,,,,
380,豪客来(禾祥西0103店),¥ 54,4.5,其他位置：
381,美珍香,¥ 47,4.4, 鸡扒的味道太入味了，咖喱也超级棒，而且价格很便宜，相当于当地一个普通快餐的费用
382,向阳坊烘焙(上李店),¥ 26,5.0,各种分店.曾厝垵这家装修风格很日式，环境不错~这家烧仙草店在厦门有很多家，可能和鲜芋仙地位差不多
383,必胜客(东方时代店),¥ 71,3.5,厦门合伙人这家店位于思明区曾厝垵教堂路(曾氏宗祠)，是一家主要卖海蛎煎的小摊店。厦门合伙人是由三个年轻的小伙子开起来的，…
384,助屋(明发店),¥ 26,4.0,
385,胜福兴(角滨店),¥ 11,5.0,
386,八婆婆烧仙草(文青店),¥ 14,4.5,
387,阿香春卷,¥ 7,4.5,
388,精馔摩尔美食城(SM城市广场店),¥ 28,3.5,
389,厦门合伙人,¥ 15,0.0,
390,客坐私家菜,¥ 65,--,其他位置：
391,黄则和花生汤店(禾祥东路店),¥ 5,--,位于嘉禾路316号之8店（吕厝天虹对面的巷子内）的【客座私家菜】，店家整体的装修风格素雅别致，菜品推荐：肥牛焗蟹黄、客坐山…
392,咖伦比咖啡(建业路店),¥ 67,4.3,蜂蜜烧仙草和奶茶烧仙草绝对不能放过，实践证明奶茶的好喝
393,碗碗香(水产店),¥ 11,3.5,
394,汤包饱,¥ 18,4.0,
395,小戴海鲜小炒,¥ 32,5.0,
396,八婆婆烧仙草(加州商业广场店),¥ 12,4.5,
397,南洋大益肉干(街心公店),¥ 157,--,
398,海浪泛亚餐厅,,4.4,
399,大熊堡店(曾厝垵店),,0.0,
400,老地方咖啡(石鼓路店),¥ 177,4.0,其他位置：
401,海港小渔村海鲜餐厅,¥ 45,3.1,所有地点都在推荐她们的凤梨酥
402,巷口名小吃,¥ 54,3.5,各路食客纷纷打卡的小吃店，沙茶面是招牌。
403,黄远堂凤梨酥·保密配方(鼓浪屿一店),¥ 14,4.8,由别墅改造而成的私房菜馆，院内清幽古朴。
404,欣欣沙茶面,¥ 31,3.7,顺青本港海鲜位于思明区上李龙虎山路557号，距离厦门大学比较近，店内的规模比较大，店内的装潢也很不错，以深色为主色调，不…
405,亚肥沙茶面(黄厝店),¥ 106,4.7,地道煲仔饭口味丰富，时常座无虚席
406,草根堂,¥ 82,4.7,
407,顺青本港海鲜,¥ 87,--,
408,均记煎蟹餐厅,¥ 32,--,
409,珠珠煲仔饭(公园小学店),,3.7,
410,重庆小天鹅火锅(SM店),¥ 93,4.5,其他位置：
411,豪客来牛排(大唐世家店-0113),¥ 59,4.3,美式工业风的西餐厅，菜品带来新奇的享受。
412,遇见西木(体育路店),¥ 52,4.5,
413,泰滋味,¥ 72,3.5,
414,必胜客(育秀店),¥ 64,4.3,
415,吴伯伯冰棒,¥ 20,--,
416,多福豆花,¥ 78,3.3,
417,上海·上海(曾厝垵店),¥ 55,--,
418,味稻粥城,¥ 58,--,
419,春园烤肉王,,3.9,
420,知古斋炭烤吧(美食城店),¥ 58,3.5,其他位置：
421,大同路口花生汤,¥ 3,--,那一家餐厅。中山路就是很大的购物区，各种综合体，选了一家进去吃午饭。广式芥蓝，有点苦
422,漳州卤面(思明北路店),¥ 10,4.2,店内设有网红花墙和甜品桌，拍照很美。
423,琼头海鲜馆,¥ 115,4.2,他家的自助餐没话说。菜式虽然不多，但每一种都做得很精巧，口味也很不错。装修时尚，紫色的主色调大量运用，整体感觉有点妖。
424,那一家(中华城店),¥ 65,4.1,
425,豪享来中西餐厅(康乐店),¥ 67,4.0,
426,小肥羊(火车站店),¥ 83,4.1,
427,泛太平洋大酒店凯撒自助餐厅,¥ 153,3.5,
428,杭州小笼包(后江埭店),¥ 15,3.5,
429,阿里朗韩国料理(莲花店),¥ 112,3.8,
430,天天多多乐(文园路店),¥ 32,4.4,其他位置：
431,向阳坊烘焙名店(海景店),¥ 22,4.8,主营东南亚风味料理，店内异域风情浓厚。
432,玫瑰玫瑰(龙头路一店),¥ 51,4.4,本来想去喝杯咖啡，然而这家老别墅西餐馆不知道为啥没有开门.章鱼真的特别鲜嫩
433,泰慢,¥ 150,3.5,
434,豪佳香牛排人文咖啡馆(江头店),¥ 61,4.2,
435,沃头蠔干粥(同安总店),¥ 29,4.6,
436,峇峇娘惹,¥ 90,4.6,
437,阿牛章鱼,¥ 64,4.0,
438,马尔龙味道新疆(火车站店),¥ 49,4.1,
439,天天多多乐(金榜公园店),¥ 29,3.9,
440,宝贵风味店,¥ 54,3.0,其他位置：
441,汀江客家食府(龙山南路店),¥ 134,4.8,陈年老店誉满厦门，秘方烹饪入口鲜美回甘。
442,豪客来牛排(禹洲新村店-0118),¥ 62,4.4,找了好多家距鼓浪屿近的都已经满房了，然后选环海路酒店搜索找到了自己住的酒店，看了相关评价很不错...
443,莲花王小二煎蟹(莲花店),¥ 134,4.6,
444,豪佳香牛排人文咖啡馆(瑞景店),¥ 66,4.1,
445,临家闽南菜(集美店),¥ 127,4.6,
446,大丰园,¥ 46,--,
447,珍珍珍拉面和风美食(SM二期购物广场店),¥ 43,4.3,
448,亚洲海湾大酒店·餐厅,¥ 171,3.9,
449,湘江红酒楼(海天路店),¥ 59,4.2,
450,味友·厦门味(海沧店),¥ 89,4.6,其他位置：
451,亚珠大酒楼(斗西路店),¥ 119,4.4,经营多年的大酒楼，菜品是纯正的闽南风味
452,豪客来牛排(江宁里店),¥ 64,4.1,红砖木格彰显闽南风情，地道餐食滋味精妙
453,印度风,¥ 148,3.8,
454,清菜家·老厦门菜馆,¥ 64,4.2,
455,花心手工酸奶,¥ 12,4.8,
456,兴叶姜母鸭,¥ 50,3.0,
457,红翻天餐厅(林后店),¥ 83,3.0,
458,向阳坊烘焙名店(故宫店),¥ 13,4.0,
459,鼓浪湾酒店自助餐,¥ 145,4.7,
460,阿勇大排档,¥ 20,5.0,其他位置：
461,肯德基(未来海岸店),¥ 115,3.0,“标准化作业”，鸡类的口感“不错”，“偶尔”吃一次还“蛮好吃的”，不过“常吃会腻”。环境“还可以”。
462,KOI Thé(富万邦店),¥ 80,4.7,营业员推荐给朋友一杯黄金珍珠奶茶，第一次喝可以品尝招牌玛奇朵或者黄金珍奶哦
463,玛琪雅朵扒房(未来海岸店),¥ 26,4.6,主营家常川菜，挑逗食客蠢蠢欲动的味蕾。
464,腾龙阁|精品川菜(SM城市广场店),¥ 120,4.8,当然，最让人心动和嘴动的是花生牛轧糖及玫瑰焦糖，每天限量制作
465,橘子妈妈手作烘培,¥ 193,3.0,芒果的味道不错，但是冰淇淋的味道不纯，西餐的话做的一般，有点偏凉，3、价格不贵，人均30左右吧...
466,小肥羊(厦门滨北店),¥ 23,4.4,
467,糖猫有请,,4.7,
468,Taipei Life台北式,,4.5,
469,"红墨咖啡旅馆(杨桃院子红墨店)地址,",,4.5,
470,豪客来牛排(翔安汇景新城0124店),¥ 70,4.2,其他位置：
471,音乐厨房那里烧烤吧,¥ 69,4.9,窗外可远眺鼓浪屿景致，自助餐食品种丰富。
472,肯德基(富万邦店),¥ 34,4.3,
473,咖啡虫(莲岳路店),¥ 68,4.7,
474,黄记煌三汁焖锅(中华城店),¥ 73,3.7,
475,台湾友膳牛肉面馆,¥ 97,--,
476,老何海鲜大排档·香辣蟹(中山路店),¥ 126,4.7,
477,泰谷酒店·太古码头闽菜自助餐厅,¥ 11,4.8,
478,吸引茶饮(集美大学城店),¥ 34,4.8,
479,MINA CAFE,,5.0,
480,,,,
481,,,,
482,,,,
483,,,,
484,,,,
485,,,,
486,,,,
487,,,,
488,,,,
489,,,,
490,名苑餐厅,¥ 41,4.1,其他位置：
491,肯德基(世贸店),¥ 24,4.4,...的时候赶上是晚餐高峰期，服务员竟然都抽调到西餐厅去了，不过也可以理解，基本上这里就是摆设的功能
492,必胜客(世贸店),¥ 59,4.0,
493,龙吧,¥ 89,5.0,
494,大肚子川菜馆时代美居店,¥ 40,2.0,
495,星巴克(厦门阿罗海店),¥ 71,3.5,
496,豪客来牛排(海沧阿罗海店),¥ 148,4.3,
497,多桑日本料理(滨北店),¥ 24,4.0,
498,五斗堂面馆(火车站店),¥ 31,3.7,
499,味友(财税店),,5.0,
500,百草园凉茶店(大同总店),¥ 7,4.0,其他位置：
501,亚珠大酒楼·厦门老字号(长青路店),¥ 124,4.1,天然海鲜原汁原味，白灼章鱼口感丰富。
502,佰翔软件园酒店·紫禁阁中餐厅,¥ 156,4.7,
503,MY COFFEE(滨北小咖啡),¥ 60,4.4,
504,陶乡·台湾小火锅(滨北店),¥ 82,4.2,
505,向阳坊(松柏店),¥ 12,4.7,
506,惠友餐厅(金尚路店),¥ 73,3.5,
507,鸡排超人(后街店),¥ 19,4.8,
508,大红袍私房菜(乌石浦店),¥ 78,5.0,
509,绝味鸭脖(东坪山店),¥ 15,4.0,
510,八方馔,¥ 193,4.1,其他位置：
511,金箔湾天天活虾馆(兴隆店),¥ 121,4.7,高人气坊间小店，招牌花生汤甜而不腻。
512,老知青(富山店),¥ 74,3.9, 最近推出了新品早餐可以尝试尝试
513,陶乡(前埔店),¥ 73,4.6,
514,黑面蔡(火车站店),¥ 45,--,
515,必胜客(嘉禾宅急送店),¥ 29,4.0,
516,肯德基(兴隆店),¥ 20,4.2,
517,502花生汤,¥ 21,4.2,
518,肯德基(城市广场店),¥ 10,5.0,
519,双飞生煎包(台湾街店),,4.6,
520,君悦食府(殿前店),¥ 92,5.0,其他位置：
521,豪享来牛排(海天路口店),¥ 56,4.6,当地知名的老店，招牌菜姜母鸭滋味香醇。
522,阿一天下,¥ 56,--,
523,玛琪雅咖啡(湖滨南路店),¥ 49,4.5,
524,7点自造DIY烘焙馆,¥ 34,4.0,
525,肯德基(育秀店),¥ 10,4.6,
526,安德鲁森(二市店),¥ 79,4.0,
527,三德利饭店,¥ 23,4.3,
528,阿姨麻辣烫,¥ 89,3.0,
529,陶乡(厦禾店),,3.0,
530,,,,
531,,,,
532,,,,
533,,,,
534,,,,
535,,,,
536,,,,
537,,,,
538,,,,
539,,,,
540,澳联(吕岭路店),¥ 15,--,其他位置：
541,安德鲁森(马巷店),¥ 42,5.0,面包保质期都比较长，味道又特别好，量也足，所以特别喜欢
542,星巴克臻选(厦门筼筜路店),¥ 114,4.4,海蛎煎和卤肉饭是店内双绝，口味令人称赞。
543,鲔多桑日本料理(SM店),¥ 26,4.0,向阳坊的分店“真多”啊，“走到哪都有”。店面小小的，各式西点摆放得“错落有致”。面包看起来都“很新鲜”的样子；蛋糕口感…
544,珍珍海蛎煎·台南卤肉饭,¥ 37,4.5,
545,泰谷酒店咖啡厅(谷吧),¥ 18,5.0,
546,随缘一素(万达店),¥ 54,4.1,
547,铃铛小辣椒(禾祥西店),¥ 71,3.0,
548,小辣椒川菜(华侨海景城鹭江道店),,3.9,
549,向阳坊(菡青店),,3.5,
550,九天湖大排档,¥ 57,4.6,其他位置：
551,多福豆花(湖明店),¥ 25,4.2,典型的传统酒楼，专注于地道闽菜十数年。
552,崇武人酒家,¥ 82,4.9,有一款日本的啤酒，酒精度不高，但是挺有劲，后来换了青岛啤酒小瓶的，喝了10几瓶，烤肉不够，又要了几盘
553,豪佳香牛排人文咖啡馆(禾祥店),¥ 39,--,东西其实算不上好吃 不管是锅底 菜 还是酱料 都在一般水平 优点就是干净卫生 端上来的菜一看就...
554,百里鲜(明发店),¥ 93,4.4,当地人气很高的日料店，神户牛舌丼和鳗鱼丼是必点菜。
555,神厨/神田烧肉(SM店),¥ 104,4.5,
556,ALOHA(何厝店),¥ 62,--,
557,陶乡涮涮锅(莲坂站店),¥ 40,4.0,
558,SUSHIDONDON(新景店),,4.3,
559,VENICE,,4.0,
560,舒友VIP会所,¥ 563,4.6,其他位置：
561,醉糊涂川菜楼,¥ 80,4.9,适合各种聚会，用餐时可观赏沙滩与海景。
562,莆田卤面,¥ 10,3.5,👉🏻对于我一个南平妹子来说还是吃不习惯，不过毕竟比较出名的美食还是要试一试
563,都可茶饮(演武路店),¥ 6,--,主营闽菜和海鲜，口味经住了岁月考验。
564,筷客(乐购店),¥ 62,--,
565,卡斯特咖啡西餐厅,¥ 59,3.0,
566,旺来轩港式精品餐厅,¥ 77,4.3,
567,三明土家菜,¥ 125,3.0,
568,渝香村老字号,,4.7,
569,华兴大酒楼,,4.5,
570,真百味(新华都店),¥ 23,3.8,其他位置：
571,安德鲁森(槟榔店),¥ 12,4.7,经营多年的汤包老店
572,永顺卡斯特咖啡厅,¥ 71,4.0,...当地的小吃都可以在那儿迟到，而且吃完之后还可以去那边的小夜摊去逛逛、有蛮多的特色小东西、很有味
573,鱼旨寿司(中华城店),¥ 14,4.1,
574,元気饭团(思北店),¥ 12,4.8,
575,黑面蔡(厦禾路店),¥ 28,--,
576,鑫旺旺汤包,¥ 30,4.2,
577,富万邦美食街,¥ 34,4.3,
578,云顶尊,,--,
579,五味俱全,,5.0,
580,大肚子川菜馆(后江埭路店),¥ 94,4.6,其他位置：
581,台工坊(槟榔店),¥ 23,5.0,其他职场的同事都羡慕我们午餐好多选择。大肚子川菜又是在办公室楼下，下了楼对面就是
582,面包新语(SM城市广场店),¥ 22,4.5,环境还不错，有用餐区，透明的制作空间区域，点餐区和取餐区，功能明确，但感觉干净程度还有待提高，...
583,优度烘焙咖啡(文灶店),¥ 21,4.4,金象湾泰国菜据说是厦门首家泰国文化主题餐厅，不管是厨师还是原材料均是泰国原装进口，以保证口味正宗
584,小岛酒店,¥ 170,3.5,
585,金象湾泰国菜(海景店),,4.7,
586,大娘水饺(大润发店),,3.9,
587,厦门翔鹭国际大酒店·四季餐厅,,4.1,
588,厦门七点自造食品有限公司,,--,
589,双合家园,,--,
590,澳联西饼(鹭腾店),¥ 10,4.5,其他位置：
591,老塞咖啡(厦门文灶店),¥ 16,4.0,
592,85度C(厦门前埔店),¥ 20,4.4,
593,庆园丰收(SM店),¥ 65,4.5,
594,安德鲁森(大唐世家店),¥ 14,3.0,
595,杜记九市牛肉(中山路店),¥ 26,4.3,
596,日东花园酒店自助茶餐厅,¥ 109,3.0,
597,魔味咖啡厅,¥ 48,5.0,
598,T&T品茶&茶品,¥ 26,--,
599,胡记双全茶餐厅,,4.6,
600,牡丹国际大酒店·自助餐厅,¥ 131,4.9,其他位置：
601,厦门正发川菜馆,¥ 87,3.0,"
于是走啊走，走啊走，好累！
一路都没吃的！
来到了老虎城！
最后选了这一家【大丰收】，吃鱼的"
602,大丰收·脆鱼(中华城店),¥ 90,3.8,古朴雅致的口碑餐厅，农家菜肴喷香勾涎。
603,盛世经典牛排(罗宾森广场店),¥ 71,--,
604,嵐居酒屋,¥ 16,4.0,
605,老知青(阿罗海城市广场店),¥ 12,4.1,
606,公园沙茶面(同安路店),¥ 89,4.0,
607,胜福兴(博物馆店),,4.9,
608,美牛王餐饮连锁,,--,
609,古越农家(厦大学生公寓店),,4.6,
610,sunny’s cafe,¥ 70,5.0,其他位置：
611,金门美食,¥ 44,4.0,无固定菜单的日料馆，体验未知的惊喜。
612,妙味奇香,¥ 79,3.5,餐厅提供中国、泰国、印度和马来西亚的风味食物，食材新鲜，菜式丰富，环境一流。
613,牡丹万鹏宾馆-茶餐厅,¥ 919,4.3,
614,竹田和风料理,¥ 61,4.6,
615,食汇堂·烤鸭(天虹店),¥ 173,4.4,
616,厦门集美菠萝蜜咖啡屋,¥ 61,--,
617,艾美酒店新食谱西餐厅,,4.6,
618,正浩食品,,3.5,
619,豪享来(厦禾店),,3.9,
620,永顺科林斯大屋咖啡厅,¥ 18,3.5,其他位置：
621,绿素林(明发商业广场店),¥ 14,4.5,
622,澳联西饼(彩虹店),¥ 32,4.5,
623,南洋大益肉干(龙头路店),¥ 24,--,
624,潮州砂锅粥,¥ 148,4.8,
625,麦当劳(世贸店),¥ 109,4.5,
626,厦门梅园酒店(中餐厅),¥ 105,4.5,
627,天津火锅(槟榔店),,4.4,
628,COCO(将军祠店),,--,
629,顺青海鲜餐厅,,4.5,
630,京城御面堂(吕厝店),¥ 21,3.0,其他位置：
631,金宝油葱稞,¥ 5,--,超人气海鲜大排档
632,周正水煮活鱼(杏西店),¥ 59,4.2,
633,一级棒饼家,¥ 26,3.5,
634,将军匙海鲜餐厅(后江埭总店),¥ 97,4.5,
635,豪嘉基(诚毅路店),¥ 13,4.5,
636,豪享来(定安店),¥ 64,3.7,
637,Q米寿司(美食广场店),¥ 12,4.7,
638,如是酒店,¥ 320,--,
639,金宝沙茶面,¥ 25,4.5,
640,味千拉面(莲前东路店),¥ 42,3.9,其他位置：
641,永春白鸭汤,¥ 93,--,算是去过的安德鲁斯店面最大的一家 怀疑是总店之类的 有四个大冰柜 有两个看不到里面装什么 有两...
642,金兰湾,¥ 17,--,酒店一楼的餐厅，菜色丰盛，菜品繁多，环境一流，服务到位。
643,放牛斑(中华城店),¥ 19,4.5,原味土猪汤都是非常赞的
644,安德鲁森(皇达店),¥ 16,4.7,
645,华莱士·炸鸡汉堡(石鼓路店),¥ 123,4.0,
646,人间烟火烧烤,¥ 133,--,
647,厦门日月谷温泉渡假村·向日葵西餐厅,,4.4,
648,大又脆脆皮炸鸡(文园路店),,4.0,
649,临家闽南菜(江头店),,4.5,
650,,,,
651,,,,
652,,,,
653,,,,
654,,,,
655,,,,
656,,,,
657,,,,
658,,,,
659,,,,
660,尚卡罗牛排(仙岳店),¥ 67,4.3,其他位置：
661,厦门威斯汀酒店思悦兹甜品店,¥ 13,3.5,适合约会的宝藏餐厅
662,安德鲁森(同安路店),¥ 135,3.7,
663,马扎罗扒房(区政府店),¥ 97,5.0,
664,豪客来牛排(未来海岸0111店),¥ 101,4.2,
665,骨之味·骨汤火锅(新西桥店),¥ 26,4.2,
666,杏林小粥轩,¥ 73,--,
667,全家福(金祥店),¥ 134,3.5,
668,翔安福春姜母鸭饭店(新店镇店),,4.5,
669,乐活欧洲(故宫创始店),,4.7,
670,珍膳美大酒楼,¥ 186,4.7,其他位置：
671,海悦山庄酒店香茶宫中餐厅,¥ 133,5.0,送的午餐或晚餐一人免单太划算了。环境超赞。距离海滩走路几分钟就到，人还很少
672,麦特基(海富路店),¥ 36,4.2,位于海边的海鲜大排档，味道不错之外价格还经济实惠，老板娘热情实在。
673,人和春天西餐厅,¥ 48,3.5,
674,必胜客(阿罗海店),¥ 77,5.0,
675,居民家海鲜大排档,¥ 85,3.0,
676,珍珍海鲜大排档,,3.8,
677,翡翠餐厅,,--,
678,公园沙茶面,,--,
679,香辣小龙虾,,--,
680,二娃川菜馆(凤屿路),¥ 45,4.0,其他位置：
681,大肚子川菜(凤屿路店),¥ 78,5.0,当地的老牌音乐酒吧，纯粹的现场live。
682,老乡村(吕岭路店),¥ 61,3.8,
683,同湘聚湘菜馆,¥ 46,4.1,
684,欣林里酒楼,¥ 57,4.2,
685,赣湘楼酒楼,¥ 170,--,
686,重庆鸡公煲,¥ 99,--,
687,梦田音乐酒吧(滨北店),,4.8,
688,牛街,,--,
689,马尔龙新疆饭庄(瑞景店),,4.4,
690,海边的卡夫卡,¥ 5,--,其他位置：
691,大茶杯(大中路店),¥ 116,4.0,不过田鸡没有以前入味。排队等位还有瓜子地瓜干吃
692,亚珠大酒楼·厦门老字号(莲前西路店),¥ 20,4.4,
693,向阳坊(前埔店),¥ 76,3.9,
694,咏蛙田鸡(帝豪大厦店),¥ 104,4.5,
695,阿通伯海鲜大排档,¥ 15,4.4,
696,澳联西饼(金鸡亭店),¥ 40,4.4,
697,重庆鸡公煲,¥ 27,5.0,
698,澳普多(嘉禾路店),,--,
699,鑫棋添酒店,,3.5,
700,骨之味·筒骨汤火锅(江头店),¥ 114,4.6,其他位置：
701,渔家湾,¥ 67,3.3,当地人推荐的，刚一听店名的时候觉得好奇怪，哪有把本地菜叫做自己餐馆名的，所以开始并没有什么好感...
702,宝岛太阳堂(莲花店),¥ 36,3.5,但是虾不太好吃，也感觉不是很新鲜，还有就是点了几个菜都漏上了，催了两遍才来。寿司都挺不错的
703,晋江牛肉馆,¥ 15,4.0,
704,大牛嘴茶餐厅(南山店),¥ 55,3.5,
705,湖锦人家(香秀里店),¥ 85,3.8,
706,老厦门本地菜,¥ 190,4.1,
707,锦惠台湾水果店,¥ 17,--,
708,大江户日本料理(吕厝店),,4.7,
709,丽华沙茶面(湖里店),,4.5,
710,518川菜馆(殿前店),¥ 198,3.5,其他位置：
711,澳联(莲花北路店),¥ 183,--,菜其实还是挺好吃的 就是现在因为客人少 老叫人家点套餐 又贵又难吃 大家要去一定要单点啊 铁板...
712,胜福兴,¥ 69,--,
713,渔夫码头,¥ 9,5.0,
714,厦门泛太平洋大酒店凯撒三西餐厅,¥ 19,4.8,
715,竹缘阁食素斋,¥ 22,4.8,
716,台湾一品茶,¥ 17,4.9,
717,佳味鲜明强煲仔饭(中山路店),,4.0,
718,京城御面堂(后江埭路店),,4.5,
719,85度C(厦门台湾街店),,4.4,
720,豪享来中西餐厅(瑞景店),¥ 70,4.0,其他位置：
721,闽南大酒店新摩登歺厅,¥ 58,4.0,考究食材造就精致日料，窗外可赏如镜湖景。
722,福佑大饭店(逸轩自助餐厅),¥ 30,3.5,这家菜做的不错，拿手菜木桶的饭，黑椒汁的牛骨肉，盐水的小鱼是我的最爱
723,搞什么茗堂,¥ 11,--,
724,陈记莆田卤面馆(昌宾路店),¥ 19,4.6,
725,小唐家螺蛳粉,¥ 368,4.0,
726,厦门马哥孛罗东方大酒店·将军日本餐厅,¥ 175,4.3,
727,滋味馆海鲜大酒楼,¥ 66,4.9,
728,豪客来牛排(加州餐厅-0112),¥ 85,4.0,
729,陶乡·台湾小火锅(富山店),,3.7,
730,思北雅坡,¥ 60,4.4,其他位置：
731,海浪泛亚自助餐厅,¥ 166,--,主打传统厦门美食，简单饭菜更能慰藉人心。
732,牛芒(大润发店),¥ 23,--,...道很田甜不腻，很浓郁的花生味，5块钱一碗也很便宜，花生很软糯，入口计划，来厦门必须打卡的食物啊
733,黄则和花生汤店(体东店),¥ 23,4.0,
734,LA BETTOLA,¥ 189,5.0,
735,大同花生汤,¥ 99,0.0,
736,厦门磐基希尔顿酒店·悦園中餐厅,¥ 46,4.7,
737,海上餐厅(鳌园路店),¥ 100,4.0,
738,渔之村海鲜酒楼,¥ 56,3.5,
739,黄鹤楼(吕岭店),,4.0,
740,摩斯汉堡(角滨路店),¥ 26,4.6,其他位置：
741,荣珠海鲜大排档烤鱼,¥ 72,3.5,高端西式料理，视觉与味觉的双重享受
742,澳联西饼(二村店),¥ 17,4.5,
743,泡泡火锅(富万邦店),¥ 15,--,
744,老塞咖啡(祥店二路店),¥ 72,4.0,
745,越城记黑鱼煲(罗宾森购物广场店),¥ 529,4.1,
746,故宫128,¥ 13,4.1,
747,澳联西饼(新村店),¥ 75,5.0,
748,人缘好美食馆,¥ 22,4.8,
749,麦当劳(莲花店),,4.4,
750,love&me,¥ 83,--,其他位置：
751,阿忠农家乐烧烤,¥ 62,4.0,
752,塔比客(火车站店),¥ 29,4.4,
753,美味放题,¥ 13,--,
754,鑫汀州餐馆,¥ 25,3.5,
755,向阳坊烘焙名店(豆仔店),¥ 152,3.0,
756,向阳坊(湖里店),,4.8,
757,桂林米粉,,--,
758,京城御面堂(将军祠店),,4.3,
759,晶汤匙泰式主题餐厅(SM二期购物广场店),,3.9,
760,,,,
761,,,,
762,,,,
763,,,,
764,,,,
765,,,,
766,,,,
767,,,,
768,,,,
769,,,,
770,鑫悦楼海鲜,¥ 102,4.8,其他位置：
771,关东府海鲜大排档(前埔店),¥ 64,3.0,老厦门菜和生猛海鲜应有尽有，食材新鲜。
772,澳联西饼(博物馆旗舰店),¥ 17,4.4,
773,琴岛酒店海鲜餐厅,¥ 22,3.0,
774,福鑫记(塘边),¥ 14,--,
775,松花江饺子馆(湖滨南路店),¥ 32,--,
776,妈妈的手(诚毅路店),,4.0,
777,吸引茶饮(一中店),,4.6,
778,逸园,,3.5,
779,双合水饺(湖滨南路店),,4.5,
780,澳联西饼(后埭溪路店),¥ 10,--,其他位置：
781,小林日本料理,¥ 153,4.7,金灿灿的建筑外表夺人眼球，主打粤式茶点。
782,妙香扁食(屿后北里店),¥ 16,4.0,
783,向阳坊烘焙名店(仙阁里店),¥ 61,3.6,
784,美珍香(思明南店),¥ 55,4.0,
785,信华食品,¥ 112,3.5,
786,桑其拉的花园·老别墅西式下午茶,¥ 22,4.5,
787,王子饭店(厦门店),¥ 70,4.6,
788,85度C(厦门湖滨东路店),,4.6,
789,庐山智选假日酒店·福记餐厅,,4.0,
790,,,,
791,,,,
792,,,,
793,,,,
794,,,,
795,,,,
796,,,,
797,,,,
798,,,,
799,,,,
800,鑫妹大肠血小吃店,¥ 12,5.0,其他位置：
801,聚好喝,¥ 33,3.5,等待戈多庭院咖啡屋，是几个80后90后年轻人的第一次创业，很喜欢他们咖啡屋的故事
802,嘉庆年间豆饮,¥ 52,4.0,
803,叶子干锅(华侨大学店),¥ 14,5.0,
804,台味香(灌口凤泉店),¥ 17,5.0,
805,不舍院子,¥ 24,4.8,
806,云浮肠粉,¥ 11,4.7,
807,澳联西饼(同安店),,5.0,
808,好尔滋(集美万达店),,4.5,
809,胜福兴(东孚店),,3.3,
810,赵小姐的英式红茶书屋,¥ 40,4.5,其他位置：
811,金家东北饺子馆,¥ 19,--,"赵小姐的后人,追寻祖母喜爱的红茶口感,亲赴原产地选茶并在斯里兰卡当地加工生产包装,制作高品质的红茶"
812,八山酒店-餐厅,¥ 17,4.0,
813,向阳坊(马巷店),¥ 25,3.5,
814,顺鑫餐馆,¥ 7,5.0,
815,比哥鸡排(何厝店),,4.0,
816,五润大包(金岳花园店),,4.5,
817,真豪佳(福隆店),,4.5,
818,壹豊牛肉馆(吕厝店),,3.5,
819,谷农磨坊,,4.0,
820,东北饺子王,¥ 14,3.0,其他位置：
821,港式点心,¥ 16,4.0,
822,景辉海鲜坊,¥ 14,3.5,
823,鑫转角面馆,¥ 16,3.8,
824,澳联西饼(海沧店),¥ 43,4.1,
825,钱炉卤味店,¥ 62,5.0,
826,函青餐厅,¥ 35,3.0,
827,周麻婆(嘉禾良库店),,4.2,
828,桥亭活鱼小镇(五缘湾店),,3.8,
829,丽媛音乐吧,,3.0,
830,开元饭店,¥ 19,5.0,其他位置：
831,老塞咖啡(厦门金山小区店),¥ 12,4.7,
832,百草园(湖滨中路店),¥ 33,--,
833,胜福兴(枋湖店),¥ 17,4.3,
834,伊兰牛肉面(莲坂新村店),¥ 25,4.9,
835,素渡禅文化主题餐厅,¥ 35,4.3,
836,转转乐涮涮锅(海沧新阳悦实店),¥ 16,4.3,
837,叶子生煎包,¥ 22,3.0,
838,黄则和花生汤店(和旭路店),¥ 20,4.7,
839,比哥鸡排(长青路店),,4.3,
840,,,,
841,,,,
842,,,,
843,,,,
844,,,,
845,,,,
846,,,,
847,,,,
848,,,,
849,,,,
850,百草园凉茶店(SM店),¥ 12,4.6,其他位置：
851,旺盛川菜海鲜大排档,¥ 57,4.0,主营闽南菜和特色风味，坚持采用生态食材。
852,西北拉面(东渡店),¥ 20,3.5,
853,桥.过桥米线(中山路店),¥ 27,3.7,
854,苏记莆田卤面(新华路店),¥ 13,3.0,
855,米夏蛋糕,¥ 110,5.0,
856,同安饭店(金尚店),¥ 115,4.9,
857,汉堡王(金湖路店),¥ 27,4.5,
858,湘碗厨,¥ 35,3.5,
859,欢欣堡西餐厅(西柯店),¥ 10,--,
860,,,,
861,,,,
862,,,,
863,,,,
864,,,,
865,,,,
866,,,,
867,,,,
868,,,,
869,,,,
870,老塞咖啡(凤屿路店),¥ 17,4.0,其他位置：
871,含味来小炒,¥ 104,3.0,随意盲点都不会踩雷的海鲜馆，选材考究。
872,来嘉海鲜酱油水(闽菜海鲜地标店),¥ 13,4.9,位于一栋白色小洋房里的西餐厅，环境幽静，服务周到。
873,西北拉面,¥ 73,3.0,烧仙草味道正宗，辅料丰富，吃起来清香爽滑，价钱也很便宜
874,那姐粥,¥ 51,4.3,这家感觉还不错，每次经过都看到，终于去试吃了一回。每到周末就去那儿逛街，吃饭，看电影。排骨也不错
875,福伯烧仙草,¥ 30,5.0,
876,湘阁里辣(世贸商城店),¥ 90,4.0,
877,悦记渔港煎蟹,,3.5,
878,黄记煌·三汁焖锅(天虹店),,3.9,
879,阅读着(机场店),,3.5,
880,华莱士·炸鸡汉堡(吕岭路店),¥ 17,3.0,其他位置：
881,旺客来晋江牛肉馆,¥ 15,4.0,
882,老塞咖啡(厦门中山公园店),¥ 63,4.5,
883,杭州冠多汤包,¥ 54,3.0,
884,原生态咱们农家院,¥ 17,3.8,
885,清香饭店,¥ 29,4.3,
886,澳联西饼(汇腾店),¥ 15,4.6,
887,桥.过桥米线(禾祥西店),¥ 12,4.5,
888,西安小吃(思明南路店),,4.7,
889,八婆婆烧仙草(集美新华都店),,4.5,
890,古厝甜头(中山路旗舰店),¥ 66,4.5,其他位置：
891,台湾秘制猪脚饭,¥ 14,4.8,12点10分，车队抵达了板寮岭农家乐，进行我们丰富的午餐，补充我们的体能，身体是革命的本钱
892,金乔川闽菜馆,¥ 27,--,
893,四里沙茶面(湖滨东路店),¥ 14,3.5,
894,继发饮食(后埔店),¥ 67,--,
895,安第仕创意烘焙餐厅(莲花店),¥ 52,4.3,
896,乐兹堡·炸鸡·汉堡(郑坂店),,4.0,
897,东孚服务区-清香海鲜鲈鱼馆,,5.0,
898,北疆饭店·烧烤(孙厝店),,4.6,
899,味佳缘海鲜大排档,,4.0,
900,小豪牛韩式自助烧烤,¥ 62,3.5,其他位置：
901,彼得西餐,¥ 25,5.0,
902,沃头蠔干粥(新店分店),¥ 21,3.5,
903,阿珍小吃店,¥ 32,3.5,
904,乡味家素食馆,¥ 18,5.0,
905,客家之香,¥ 19,4.9,
906,华景园饭店,,4.5,
907,丰粥记(SM城市广场店),,3.0,
908,月玉沙茶面,,4.0,
909,会英居饮食店,,3.0,
910,,,,
911,,,,
912,,,,
913,,,,
914,,,,
915,,,,
916,,,,
917,,,,
918,,,,
919,,,,
920,肯德基(美仁宫店),¥ 34,4.5,其他位置：
921,首味韩国料理,¥ 58,4.0,
922,多福豆花仓库,¥ 23,3.0,
923,子母粉丝(文灶店),¥ 16,4.3,
924,苏记莆田卤面馆(文屏路店),¥ 47,3.5,
925,转转乐涮涮锅(枋湖客运中心店),¥ 10,3.6,
926,碗碗香面庄,¥ 91,--,
927,珑宫大排档,¥ 35,3.0,
928,全家福(江头店),¥ 94,4.0,
929,青竹园餐厅(鹭辉大厦对面),,5.0,
930,阿丽小炒店,¥ 50,4.0,其他位置：
931,四季酒家,¥ 40,5.0,"
总的感受就是厦门遍地都是好吃的。某天的午饭，海南鸡饭。
随便进入一家店（别太随便），都是比较地道的"
932,家俊小吃店(天湖路店),¥ 22,--,
933,蔡杏林小吃,¥ 15,3.0,
934,家之味海南鸡饭,,4.0,
935,安德鲁森(海天店),,3.9,
936,重庆碗碗香面庄(霞阳店),,5.0,
937,洪记好粥道,,5.0,
938,安庆包子店,,5.0,
939,缘味老鸭汤馆(明发商业广场店),,4.6,
940,景宁酒家,¥ 27,5.0,其他位置：
941,肯德基(瑞景DT店),¥ 16,4.2,
942,西北拉面刀削面,¥ 10,3.0,
943,老塞,¥ 14,3.0,
944,双飞生煎包,¥ 21,4.3,
945,西滨歪头沙茶面,¥ 12,5.0,
946,华莱士·炸鸡汉堡(集美杏林内茂店),¥ 15,4.0,
947,亚妮客(体育路店),¥ 136,5.0,
948,华莱士·炸鸡汉堡(同安一中店),,4.4,
949,岩味美食新泉莊,,5.0,
950,大茶杯(石鼓店),¥ 10,4.6,其他位置：
951,悦芙蓉(万达广场店),¥ 64,3.9,
952,甘萃芝旅(瑞景店),¥ 19,4.0,
953,福隆海鲜大排档,¥ 77,5.0,
954,聚鑫鹅打滚,¥ 17,4.0,
955,壹咖啡·ECOFFEE(祥店里店),¥ 21,5.0,
956,益铭蜀庄园,¥ 17,4.0,
957,一鸣瓦罐煨汤馆(双浦店),¥ 14,3.5,
958,盅国味(凯旋广场店),,4.3,
959,惜夕湾咖啡厅,,4.0,
960,年年春饭店,¥ 11,5.0,其他位置：
961,白水洋瓦罐煨汤馆(莲花店),¥ 130,3.4,
962,胜福兴(后溪店),¥ 78,3.0,
963,旭东特色美食,¥ 11,5.0,
964,牛羊合(台湾街店),¥ 22,4.0,
965,宾果果汁(文灶店),¥ 11,4.0,
966,好聚德,,3.0,
967,KOI Thé(江头店),,4.8,
968,琼头集翔海鲜馆,,3.5,
969,第一家羊肉馆,,5.0,
970,,,,
971,,,,
972,,,,
973,,,,
974,,,,
975,,,,
976,,,,
977,,,,
978,,,,
979,,,,
980,稳成饭店,¥ 52,3.5,其他位置：
981,厦门天海特色餐厅,¥ 116,4.5,
982,海喃鸡饭霞梧分店(霞梧分店),¥ 16,4.2,
983,闽南大酒店 旋转餐厅,¥ 11,4.7,
984,华莱士(围里店),¥ 31,4.4,
985,七毛抄手庄(侨建店),¥ 88,4.6,
986,妙香扁食,¥ 22,5.0,
987,面一番日本拉面屋,,4.0,
988,人和阿勇海鲜餐厅(文屏店),,4.6,
989,浮屿鸭肉粥,,3.5,
990,多福豆花,¥ 19,4.3,其他位置：
991,尚丽达沙茶面(金尚分店),¥ 22,4.0,在此声明我真不是托儿，真的太好吃了。荣梅姜母鸭真的很好吃，三块钱一串的鸭心（当然还有其他的啦
992,肯德基(滨北店),¥ 38,4.3,
993,子母粉丝(磐基店),¥ 14,3.5,
994,胜福兴(金尚店),¥ 11,5.0,
995,鱼旨寿司(SM城市广场店),¥ 75,3.8,
996,小鱿鱼饭店,¥ 82,4.7,
997,味味海鲜大排档(曾厝垵店),¥ 35,3.0,
998,荣梅姜母鸭,¥ 80,5.0,
999,松庭商务酒楼,,3.5,
1000,大丰收·李家(厦门SM二期店),¥ 65,4.0,其他位置：
1001,星缘特色小吃,¥ 95,4.0,...看到这家李家，印象福州的盆友推荐过在这家吃饭，所以就直奔这里了，整体体验下来感叹盆友推荐的不错
1002,凌峰海鲜大排档,¥ 59,3.5,感觉东西挺精致的，用的东西都是上品，虾很大很鲜，咖啡都是咖啡豆现磨的，很香，煮面的阿姨嘴好甜，...
1003,灌口阿平姜母鸭卤味,¥ 21,4.0,主打本土海鲜的十年老店，菜品原汁原味。
1004,肯德基(梧村店),¥ 173,4.5,
1005,朗豪酒店自助餐厅,¥ 116,4.7,
1006,鑫快乐海鲜基地,¥ 15,4.7,
1007,安德鲁森(康乐店),,5.0,
1008,爱沫一品茶,,5.0,
1009,川香楼,,4.0,
1010,郭郭海鲜,¥ 100,5.0,其他位置：
1011,牛记烩面羊肉汤,¥ 32,4.0,味道还不错 肉放的很足 价格很便宜 点了烩面15 属于比较典型的小吃店 味道好吃 有当地风味 ...
1012,厦门甘萃芝旅(凯裕店),¥ 19,4.0,
1013,自家人美食,¥ 11,4.5,
1014,妙香扁食(莲花南路店),¥ 11,5.0,
1015,妙香扁食(孙厝乐安东路店),¥ 34,3.0,
1016,妙香扁食(凤屿路店),¥ 31,5.0,
1017,McCafé 麦咖啡(仙岳路店),,4.0,
1018,McCafé 麦咖啡(加洲得来速店),,3.0,
1019,肯德基(枋湖车站店),,4.1,
1020,绝味鸭脖(前埔南区店),¥ 18,4.3,其他位置：
1021,绝味鸭脖(海天店),¥ 24,4.0,
1022,沁园咖啡厅,¥ 97,4.0,
1023,红太阳川菜馆,¥ 13,4.0,
1024,邱厝大排档,¥ 465,3.5,
1025,古早味鲁肉饭(前埔店),¥ 70,4.5,
1026,壹号海鲜餐厅,¥ 29,4.0,
1027,闽福牛羊肉火锅(祥店分店),,4.0,
1028,俊秀来客家美食(禾祥西旗舰店),,3.5,
1029,绿空榴莲千层蛋糕,,4.3,
1030,沙县小吃(公园西路店),¥ 13,4.9,其他位置：
1031,向阳坊烘焙名店(乐海店),¥ 30,4.7,
1032,晓前小吃,¥ 71,3.0,
1033,鑫安宾馆餐厅,¥ 18,4.3,
1034,乐快乐休闲餐厅,¥ 19,4.1,
1035,西北拉面(石泉路店),¥ 82,3.5,
1036,嵩友饭店(嵩屿店),,--,
1037,蜀味轩(湖莲路店),,4.0,
1038,初三五班寿司(—诚毅店),,5.0,
1039,阿良海鲜,,4.0,
1040,汉元生煎(小学路店),¥ 97,3.0,其他位置：
1041,九龙塘5号中餐厅(铁疗店),¥ 35,4.5,店里点餐有现成的套餐，也可以单点。每一道菜都很好吃。菜的口味没得说，很棒。这样的地方应该还会再来
1042,Juicy Bakery(大学路店),¥ 11,4.7,主打各式香醇软绵的欧包，甜品颜值在线。
1043,蜜菓の蜜制鲜饮(万达广场湖里店),¥ 11,4.0,临湖而建的咖啡厅，木质装修风情万种。
1044,牛肉面,¥ 35,3.0,
1045,科菲莉思(前埔南区店),¥ 60,3.4,
1046,尊宝比萨(槟榔店),,4.9,
1047,薯丫丫章鱼小丸子,,4.0,
1048,游园饭店,,5.0,
1049,咖啡公园(湖明店),,4.8,
1050,光焱小吃,¥ 17,--,其他位置：
1051,上海特色生煎包,¥ 11,4.0,
1052,向阳坊(集美仑上店),¥ 18,5.0,
1053,吉顺发川菜海鲜楼,¥ 24,5.0,
1054,鼓浪屿啊波爵士钢琴咖啡,,3.0,
1055,华昌小区肠粉,,4.0,
1056,地道湖南菜,,4.0,
1057,华莱士炸鸡汉堡(后坑店),,4.4,
1058,阿南美食园,,3.5,
1059,仙草南路(阿罗海城市广场店),,3.7,
1060,一鸣瓦罐(岭兜一里店),¥ 27,5.0,其他位置：
1061,老赵烤鱼,¥ 71,3.0,
1062,鼓浪屿之恋,¥ 28,5.0,
1063,握宾川闽菜,¥ 846,4.0,
1064,望海渔村,¥ 52,3.0,
1065,木马转自助烤肉小火锅(乐都汇店),¥ 83,4.5,
1066,建仔海鲜排档,¥ 66,4.0,
1067,鹭一手大排档,¥ 9,3.5,
1068,柯水笔味源小吃,¥ 19,5.0,
1069,森山仙草(印斗店),,4.5,
1070,,,,
1071,,,,
1072,,,,
1073,,,,
1074,,,,
1075,,,,
1076,,,,
1077,,,,
1078,,,,
1079,,,,
1080,道道香瓦罐煨汤馆(前埔店),¥ 32,4.8,其他位置：
1081,大厝宅海鲜馆,¥ 155,4.3,古厝之内的海鲜餐厅，露台之上视野开阔。
1082,CoCo都可(明发商场店),¥ 15,4.5,
1083,莆田卤面,¥ 13,3.5,
1084,辣梅子东北手工水饺,¥ 16,4.0,
1085,南堤海鲜馆,¥ 48,4.0,
1086,川闽阁,¥ 112,3.0,
1087,向阳坊(翔鹭花城店),¥ 43,4.6,
1088,拾翠园风味粉面馆,¥ 16,3.5,
1089,好又来川菜馆(仓里路店),¥ 46,3.5,
1090,渔多哆川菜,¥ 18,--,其他位置：
1091,扬庭晋江牛肉馆(沧林三路店),¥ 41,5.0,向阳坊的分店“真多”啊，“走到哪都有”。店面小小的，各式西点摆放得“错落有致”。面包看起来都“很新鲜”的样子；蛋糕口感…
1092,真豪佳(江头美食城店),¥ 14,4.0,
1093,尊宝比萨(仙岳店),¥ 21,4.6,
1094,桂林味香米粉,¥ 60,3.5,
1095,向阳坊(三航店),,3.5,
1096,同安大肠血(新华店),,4.0,
1097,贺丰豆业,,4.0,
1098,美美港澳烧腊美食馆,,--,
1099,尚卡罗牛排(杏林店),,4.7,
1100,领鲜餐厅,¥ 16,4.5,其他位置：
1101,秘制牛腩饭,¥ 64,4.5,涮上几秒，口感鲜嫩十足！羊肉串调制得十分入味，不咸不淡，口味正好。为没有一点羊骚味
1102,汕家卤味,¥ 20,3.0,
1103,东北菜火锅城,¥ 18,3.0,
1104,漳浦肉圆,¥ 16,3.5,
1105,西街烧烤,¥ 112,3.0,
1106,多多便当,,3.5,
1107,向阳坊烘焙名店(同安小卖部),,4.8,
1108,佳享基,,4.0,
1109,1078号宫廷涮肉(瑞景店),,4.3,
1110,澳联西饼(中行店),¥ 13,4.0,其他位置：
1111,百草园凉茶店(文灶店),¥ 10,3.5,
1112,百草园凉茶店(聚祥店),¥ 14,4.0,
1113,牡丹大酒楼(体育中心店),¥ 32,--,
1114,澳联(湖滨南路店),¥ 23,--,
1115,尊宝比萨(前埔店),¥ 51,4.7,
1116,厦门城市烤场,¥ 88,--,
1117,KOI Thé(白鹭苑店),,4.8,
1118,黄鹤楼(明发店),,4.0,
1119,黎明海鲜大排档,,2.4,
1120,百味山合私房菜,¥ 75,4.5,其他位置：
1121,老梁烧烤(明发商业广场店),¥ 14,3.6,航空酒店内的粤菜食府，精巧茶点颇具水准。
1122,台工坊(长青店),¥ 23,4.3,
1123,丽景咖啡,¥ 84,4.0,
1124,厦航海鲜大酒楼,¥ 128,5.0,
1125,芸莱咖啡馆,¥ 62,--,
1126,三摩地素食餐厅,¥ 100,4.2,
1127,美珍香(禾祥店),¥ 14,4.2,
1128,牡丹大酒楼(松柏路店),,4.3,
1129,多福豆花(明发商业广场店),,4.3,
1130,,,,
1131,,,,
1132,,,,
1133,,,,
1134,,,,
1135,,,,
1136,,,,
1137,,,,
1138,,,,
1139,,,,
1140,海角九号,¥ 149,4.0,其他位置：
1141,邂逅,¥ 25,3.8,藏在别墅区的当地特色闽菜馆，出品正宗美味
1142,小微大排档,¥ 418,--,鼓浪屿岛上的这家鱼丸汤店小有名气，鱼丸弹性十足不像很多店的鱼丸绵软乏味，而且馅料吃起来不那么腻，味道鲜美。
1143,7点自造烘焙馆,¥ 111,--,老板会根据客人的喜好推荐酒类，装修酷炫。
1144,银鹭餐厅(双十中学店),¥ 60,3.5,
1145,鼓浪屿肉松店,¥ 95,4.6,
1146,龙头鱼丸汤,,--,
1147,MY WAY地下鸡尾酒吧,,4.6,
1148,佐迈经典牛排(厦门乐海店),,2.9,
1149,琼头古早味海鲜馆,,5.0,
1150,,,,
1151,,,,
1152,,,,
1153,,,,
1154,,,,
1155,,,,
1156,,,,
1157,,,,
1158,,,,
1159,,,,
1160,逗你来现磨豆浆,¥ 24,--,其他位置：
1161,台湾一品茶(嵩屿店),¥ 36,4.5,经营人气很旺的小馆，沙茶面滋味鲜浓
1162,津品味(嘉庚店),¥ 36,4.6,厦门这家店 吃完我真的沦陷了
1163,客家民间瓦罐,,--,
1164,孔家二餐厅,,3.0,
1165,城市烤场,,4.0,
1166,摩斯汉堡(罗宾森购物广场店),,4.5,
1167,COCO(中闽百汇店),,--,
1168,居酒屋,,--,
1169,徽州酒家,,--,
1170,永记深海鱼•石斑鱼粥(禾祥西店),¥ 92,4.3,其他位置：
1171,莉梅小吃店,¥ 15,3.5,主营深海石斑鱼，肉质的鲜美让人难忘。
1172,鱼师傅海鲜大排档(明发商业广场店),¥ 59,3.7,
1173,澳联西饼(前南店),¥ 16,4.7,
1174,全家福(莲花店),¥ 27,3.5,
1175,优思麦(开禾店),¥ 22,4.3,
1176,汪记馅饼(豆仔尾路店),¥ 10,4.0,
1177,澳联西饼(南山店),¥ 11,4.6,
1178,必胜客(洪莲宅急送店),¥ 44,4.5,
1179,黄则和花生汤店(寨上店),¥ 15,4.8,
1180,向阳坊(湖滨中学店),¥ 14,3.0,其他位置：
1181,比哥鸡排(大唐世家店),¥ 23,5.0,
1182,林福气小吃,¥ 24,3.0,
1183,珍巧味餐厅,¥ 12,4.0,
1184,蜜菓の蜜制鲜饮(阿罗海城市广场店),¥ 85,4.0,
1185,球风餐厅,¥ 17,4.0,
1186,澳联西饼(宁宝店),¥ 14,4.6,
1187,月理碗仔粿,¥ 25,4.3,
1188,豫牛记烩面,,4.0,
1189,真功夫(中闽商城店),,3.0,
1190,鑫朝刘汤包(湖里建行店),¥ 25,4.3,其他位置：
1191,鑫丽砂锅风味小吃,¥ 17,3.0,主要汤包却只有一种口味，加几款汤品，每款10元，几乎每个顾客都会点笼汤包加份汤。人均：15元
1192,华莱士·全鸡汉堡(新梧侣店),¥ 19,4.3,其实莲前路附近有几家都是很不错的，可以自己选择，建议点菜完毕后再次跟老板确认价格
1193,一家人东北餐馆(理工店),¥ 33,--,
1194,香好来(小李店),¥ 112,3.5,
1195,CoCo都可茶饮(鼓浪屿店),¥ 13,4.0,
1196,云霄好吃汇小吃店,¥ 71,3.5,
1197,晋江牛肉馆,,5.0,
1198,光头沙茶面,,3.0,
1199,连福海鲜大排档(十二年老店),,3.3,
1200,壹涵速食府,¥ 37,3.5,其他位置：
1201,尊宝比萨(海沧天虹店),¥ 54,4.5,
1202,华丰小炒店,¥ 30,3.5,
1203,Helens西餐吧(厦门槟榔路店),¥ 80,4.0,
1204,味真佳姜母鸭,¥ 65,4.0,
1205,唯美思(围里二店),¥ 68,4.5,
1206,金巴兰酒店-巴厘岛西餐厅,¥ 76,3.5,
1207,顺溜家土灶餐厅,¥ 90,2.0,
1208,客家楼食府(集美地标店),,4.7,
1209,喜林阁(日光岩店),,4.2,
1210,华莱士·全鸡汉堡(新埯店),¥ 16,4.3,其他位置：
1211,嘉芳餐厅 (西林店),¥ 67,3.5,一直逛啊逛，其实我吃的很少，一般吃一点就饱了，一杯烧仙草下去就已经撑了，所以就干逛
1212,古城酸奶,¥ 11,5.0,向阳坊的分店“真多”啊，“走到哪都有”。店面小小的，各式西点摆放得“错落有致”。面包看起来都“很新鲜”的样子；蛋糕口感…
1213,尚卡罗牛排(同安店),¥ 95,3.6,
1214,龙岩可家小吃,¥ 91,4.0,
1215,向阳坊(后溪新村店),¥ 43,3.5,
1216,向阳坊烘焙名店(洪文店),,4.0,
1217,皇记蛋糕,,5.0,
1218,韩帝园韩式料理,,4.0,
1219,灌口吉来卤鸭,,4.0,
1220,鸿川饭店(嵩屿店),¥ 31,4.2,其他位置：
1221,沃头蠔干粥(梧侣店),¥ 110,3.0,
1222,鲜鹭港海鲜排档,¥ 40,1.0,
1223,肯德基(厦门滨南店),¥ 14,4.3,
1224,丫丫菜馆,¥ 65,5.0,
1225,回客楼,¥ 37,4.0,
1226,八婆婆烧仙草(火车站一店),¥ 15,4.6,
1227,香锅盛宴,,3.5,
1228,易品瓦罐(东路店),,4.2,
1229,白水洋民间瓦罐煨汤馆(火车站店),,4.2,
1230,,,,
1231,,,,
1232,,,,
1233,,,,
1234,,,,
1235,,,,
1236,,,,
1237,,,,
1238,,,,
1239,,,,
1240,肯德基(乐海店),¥ 35,4.0,其他位置：
1241,东山海鲜大排档(人和路店),¥ 22,3.4,受学生欢迎的亲民小店，闽味海鲜醇香入味。
1242,斯利美(牛庄店),¥ 43,3.0,
1243,厦大鱿鱼姐(曾厝埯店),¥ 23,4.1,
1244,乡村人家瓦罐煨汤馆(兴隆路店),¥ 31,4.5,
1245,沃头蠔干粥(灌口分店),¥ 17,4.2,
1246,双鹿老铺,¥ 12,4.0,
1247,阿珠煎包店,,3.0,
1248,摇摇吧(殿前店),,--,
1249,陕西风味小吃,,3.0,
1250,唯美思(围里店),¥ 80,3.7,其他位置：
1251,田王府(乐都汇店),¥ 68,4.0,阿伯人很好，记得有次去吃，一外地人很热情的跟我说他家的海蛎煎超好吃，老板接他一句她是老客户了经...
1252,岳阳西里油条摊,¥ 12,3.8,
1253,茂哥海蛎煎,¥ 18,4.0,
1254,娟娟豆浆坊,¥ 24,--,
1255,麦当劳(七星西路店),¥ 31,4.6,
1256,闽朝小吃店,¥ 73,4.1,
1257,联统洪濑鸡爪(新兴店),,3.0,
1258,鱼旨寿司(集美万达店),,4.0,
1259,金海岸小木屋,,5.0,
1260,全民烘焙,¥ 8,4.0,其他位置：
1261,艾克啡林精品咖啡(前埔店),¥ 20,4.8,
1262,妙香扁食(龙山中路店),¥ 11,5.0,
1263,黑师傅台湾去骨鸡腿排,¥ 17,3.5,
1264,真真厦港卤味(泰和店),¥ 17,3.5,
1265,阿敏小吃店,¥ 14,4.0,
1266,龙仙李莆田卤面馆,¥ 29,--,
1267,台湾士林夜市牛排,¥ 12,4.0,
1268,阿肥发扁食(三航店),¥ 34,5.0,
1269,麻辣香锅(富兴店),,4.6,
1270,快乐番薯奶茶(海沧海富路店),¥ 15,3.0,其他位置：
1271,华莱士·炸鸡汉堡(莲前西路店),¥ 17,4.0,牛杂汤还不错，可惜太贵了。萝卜排骨汤味精太多，味道不纯正，是理由最便宜的汤，要6元一份。一来价格偏贵
1272,荣记莆田卤面馆(汇文路店),¥ 30,5.0,
1273,卤迅洪濑鸡爪(康乐店),¥ 47,5.0,
1274,阿嫲家私房菜(环岛路店),¥ 23,4.7,
1275,鑫海佳味大排档,¥ 100,--,
1276,泉州牛肉小吃,¥ 41,4.0,
1277,沫小哚,,5.0,
1278,厦门亨龙花园酒店·亨龙花园私厨餐厅,,4.0,
1279,胖子菜馆,,--,
1280,鑫釜山自助烤肉火锅(杏林西路店),¥ 61,3.3,其他位置：
1281,乐嘉基,¥ 23,--,"料同样是特别足，小肠非常好吃。

还有一个招牌菜，也非常好吃，叫炸肉卷和虾卷，第一次吃，就被吸引了"
1282,好好海鲜大排档,¥ 14,4.5,
1283,小涂大排档,¥ 52,3.5,
1284,京城御面堂,¥ 75,5.0,
1285,许彩云风味美食(城隍路店),¥ 51,4.0,
1286,红叶拾楠,,5.0,
1287,有敬韩国料理(文灶店),,4.6,
1288,洪记鲜粥·小海鲜排档,,4.4,
1289,红英东北饺子馆,,3.0,
1290,川派冒菜(明发商业广场店),¥ 39,3.5,其他位置：
1291,安德鲁森(ECCO店),¥ 13,5.0,环境还是不错的，喜欢那个灯啊，华丽丽的感觉。食品都还不错，价格也不算贵。很舒适，是相亲的好地方，哈哈
1292,一鸣瓦罐煨汤馆(金尚店),¥ 20,--,复古浪漫的咖啡馆，每杯咖啡都仿若艺术品。
1293,夜来香麻辣烫炸货铺,¥ 23,4.3,
1294,漫咖啡MAANCOFFEE(七星路店),¥ 52,4.6,
1295,伊佳缘休闲农庄,¥ 42,3.5,
1296,翰林川菜,¥ 11,3.0,
1297,妙香扁食(后滨路店),¥ 83,3.0,
1298,cho’s cafebar,,4.6,
1299,爱顿蛋糕店(湖里店),,3.5,
1300,七点自造(湖里店),¥ 77,5.0,其他位置：
1301,温尼斯·海鲜与海餐厅(亲子海景餐厅),¥ 140,4.9,
1302,广式卤味(公园西门分店),¥ 21,5.0,
1303,翔芬芬薄饼店,¥ 26,3.0,
1304,真真厦港卤味,¥ 11,4.7,
1305,粤品源茶饮(华侨店),,4.6,
1306,考拉的仙草,,4.7,
1307,正宗沙县小吃,,--,
1308,多福豆花(槟榔中学店),,3.5,
1309,皇海海味馆,,--,
1310,海岛8号海鲜大排档,¥ 97,4.3,其他位置：
1311,禾祥鸭肉小吃店,¥ 25,4.6,真材实料的海鲜大排档，体验新鲜食材本味。
1312,加非咖啡|精品咖啡馆,¥ 60,4.3,地道鸭肉小吃店，以新鲜食材烹饪
1313,方糖绵绵冰(文青店),¥ 28,4.7,
1314,楠陈晋江牛肉馆,¥ 19,--,
1315,GoldenOlivesgr希腊餐厅(湖里万达店),¥ 84,4.3,
1316,日航酒店大堂茶廊,¥ 431,3.0,
1317,莲花海鲜餐厅,¥ 20,1.5,
1318,海滋味渔乐港湾,,5.0,
1319,聚煲粥(机场店),,3.5,
1320,漳州肉丸店,¥ 31,5.0,其他位置：
1321,食亭小吃店,¥ 19,3.0,
1322,阿德章鱼土笋冻,¥ 20,4.6,
1323,磨More's,¥ 10,3.5,
1324,阁再来(后滨店),¥ 41,4.6,
1325,渔家海鲜大排档,¥ 16,4.0,
1326,麦烤啦披萨,,5.0,
1327,巷末咖啡屋,,5.0,
1328,小兰冰点家常菜,,5.0,
1329,巧灵饮食店,,4.0,
1330,红记德厦门小吃沙茶里脊肉串,¥ 8,4.5,其他位置：
1331,福霖蒸海鲜大排档,¥ 120,4.3,
1332,川湘楼(灌口店),¥ 17,3.0,
1333,国富川菜馆,¥ 15,5.0,
1334,双桥大排档,¥ 18,5.0,
1335,莆仙卤面馆,,5.0,
1336,翔来呷,,3.5,
1337,胜福兴台湾糕饼铺(同安城北店),,4.5,
1338,灌口周宝珍卤味(海天路店),,3.0,
1339,向阳坊(金湖店),,5.0,
1340,八婆婆,¥ 34,4.3,其他位置：
1341,巧媳妇鲁肉饭(宝龙店),¥ 16,4.5,
1342,华莱士·炸鸡汉堡(台湾街餐厅),¥ 30,4.4,
1343,来福川菜,¥ 98,--,
1344,旧码头大排档丨在古厝里吃海鲜,¥ 21,3.0,
1345,陕西人家,¥ 28,3.0,
1346,麦当劳(同安梧侣FSDT店),¥ 37,4.5,
1347,尊宝比萨(中山店),¥ 12,4.7,
1348,BOSS鸡排(何厝店),,5.0,
1349,斯利美休闲站(汇景店),,4.0,
1350,美珍香(SM城市广场店),¥ 58,4.0,其他位置：
1351,在路上咖啡店,¥ 9,3.5,
1352,永丰鱼丸(大学路店),¥ 33,4.4,
1353,厦港汕头苏南卤味(莲花分店),¥ 16,4.8,
1354,川香楼(软件园店),¥ 78,3.5,
1355,老友咖啡(集美灌口店),¥ 25,3.5,
1356,名磨坊研磨咖啡(新安店),¥ 67,4.0,
1357,老字号庭院小吃,,4.5,
1358,风花雪月鱼村,,4.5,
1359,兄弟海鲜美食城,,4.0,
1360,,,,
1361,,,,
1362,,,,
1363,,,,
1364,,,,
1365,,,,
1366,,,,
1367,,,,
1368,,,,
1369,,,,
1370,魔菇传奇(文青街店),¥ 23,4.5,其他位置：
1371,小鱼海鲜·创于1998年(珍珠湾花园店),¥ 111,4.4,口味众多的蘑菇挡不住食材特有的鲜香。
1372,Sunmile向阳坊(文灶店),¥ 26,4.7,经营二十余年的老店，各类海鲜明码标价。
1373,陕西凉皮,¥ 11,5.0,经常座无虚席的日料店，牛油果绿龙卷必点。
1374,胜福兴(杏南店),¥ 78,4.5,
1375,伊定翔香海鲜楼,¥ 64,4.0,
1376,豪哥烧烤排档,¥ 20,0.0,
1377,眷唐风(霞溪路店),¥ 19,4.8,
1378,多福豆花(禹州店),,3.5,
1379,黄则和(沧虹店),,4.0,
1380,禾山饭店,¥ 14,4.0,其他位置：
1381,好印象桂林米粉,¥ 18,3.0,经营地道福建菜系，以量大味正而闻名。
1382,集集香小吃,¥ 62,3.5,
1383,两江楼(华清总店),¥ 15,5.0,
1384,古龙小厨营养餐(软件园观日路店),¥ 73,3.5,
1385,东胜餐馆,¥ 12,4.4,
1386,鑫晓前炖品,¥ 20,--,
1387,老知青(集美万达店),,3.5,
1388,特香包(思北店),,4.4,
1389,黄则和花生汤店(梅阳店),,5.0,
1390,正宗重庆麻辣烫,¥ 20,4.8,其他位置：
1391,柠乐,¥ 15,3.0,...的样子，所以我就没买朋友买了，她觉得味道不错，其实看着就很好吃的，而且爱肉爱油的应该会很喜欢的
1392,纯契茶(松柏店),¥ 84,4.7,老规矩，凡是有特色的都要吃，点了一份同安封肉，确实不错。海鲜沙茶面自然是不能不吃的，食材新鲜
1393,香港潮满楼(加州商业广场店),¥ 15,4.0,
1394,大肠包小肠,¥ 13,4.7,
1395,老店沙茶面,¥ 12,4.5,
1396,莆田卤面馆,¥ 35,4.0,
1397,醇在咖啡,¥ 77,4.3,
1398,山东老家(仙岳分店),¥ 23,4.1,
1399,真功夫(镇海路店),,4.4,
1400,安第仕创意烘焙餐厅(新景店),¥ 45,4.5,其他位置：
1401,黄则和花生汤店(文灶店),¥ 16,4.1,蛋糕 三角蛋糕 面包 布丁 小饼干 各种都有 而且普遍都做的都不错 就是价格都会偏高一点 环境也不错
1402,味道工厂(厦禾路店),¥ 96,3.5,店铺也比较多，花生汤的价格倒不是很贵，据说厦门人早上就喜欢喝花生汤+鸡蛋，我觉得这个花生汤太甜...
1403,临家闽南菜(大唐店),¥ 121,4.6,我想，这就胜在食材的新鲜吧，入口都有淡淡的鲜甜味，那是食物自己的芳香
1404,京华大酒店中餐厅(厦禾路店),¥ 89,4.0,红灯笼配典雅装修古风十足，茶点口味地道。
1405,水果立方(升平路店),¥ 21,4.0,
1406,三味鱼屋(明发商业广场店),¥ 76,4.3,
1407,禾绿回转寿司(中华城店),¥ 77,3.5,
1408,厦门泛太平洋大酒店·海天楼中餐厅,¥ 108,4.8,
1409,三国面馆(莲岳路),¥ 51,4.5,
1410,160℃芝士蛋糕,¥ 17,4.3,其他位置：
1411,陶乡·台湾小火锅(中华城店),¥ 93,4.5,口味清淡的台式火锅店，服务员热情适度。
1412,老塞咖啡(厦门集美石鼓店),¥ 13,3.5,坐拥一线壮观海景，休闲憩息的不二之选。
1413,老地方烤鱼,¥ 57,3.5,
1414,五谷飘香特色菜馆,¥ 44,5.0,
1415,鑫丹宁客家食府,¥ 260,3.0,
1416,北方饺子,¥ 83,3.0,
1417,厦门海悦山庄酒店·天悦阁海景酒廊,¥ 44,4.4,
1418,好吉利海鲜餐厅,,4.3,
1419,亚杰海鲜烧烤,,4.0,
1420,歪仔沙茶面,¥ 27,4.0,其他位置：
1421,You And Me 2,¥ 62,3.5,
1422,利成,¥ 25,--,
1423,青芳快餐部,¥ 44,--,
1424,都可茶饮(思明南街店),¥ 141,--,
1425,New Zealand Natural,¥ 103,--,
1426,姥姥家私房菜,¥ 67,--,
1427,亚珠百家宴·厦门老字号,,4.4,
1428,莲花511香墅花园餐厅,,4.4,
1429,宝龙珍宴大酒楼,,4.6,
1430,味隆卤味坊,¥ 58,--,其他位置：
1431,97海鲜吧,¥ 83,--,
1432,佳丽海鲜大酒楼(连扳店),¥ 42,--,
1433,雅,¥ 132,--,
1434,阿杜烧烤大排档,,5.0,
1435,正宗苗岭酸汤鱼,,--,
1436,澳联(文屏路店),,--,
1437,安德鲁森(世贸店),,3.5,
1438,新陶乡会馆|味道创造新陶乡,,4.5,
1439,万寿路麻辣烫,,4.0,
1440,,,,
1441,,,,
1442,,,,
1443,,,,
1444,,,,
1445,,,,
1446,,,,
1447,,,,
1448,,,,
1449,,,,
1450,吉口过桥米线,¥ 64,--,其他位置：
1451,澳联(蜂巢山路店),¥ 36,--,老巷豆饮位于厦门思明区鼓浪屿中华路(近圆洲茶庄)，店是守着院子的门框开的，感觉像是古代侠士行走江湖的那种饮茶、歇脚的小店…
1452,尊宝比萨(华昌店),¥ 86,4.6,厦门市国民小学位于思明区禾祥西路546号，在这附近有很多面包、甜点、饮品的美食，如马拉桑、KOI Cafe、 枫多士等等美食。
1453,老知青东北风味饺子府(长岸路店),¥ 56,--,
1454,佳丽海鲜酒楼(未来海岸店),¥ 60,4.2,
1455,豪客来牛排(中山海景店-0122),¥ 37,4.3,
1456,必胜客(SM城市广场店),,4.4,
1457,珍珍珍日本拉面,,--,
1458,老巷豆浆,,--,
1459,国民小学,,--,
1460,海外海平价海鲜餐厅,¥ 118,--,其他位置：
1461,指间温度,¥ 29,4.0,海外海位于曾厝垵环岛路非常醒目的入口处，店内装修夜精致典雅，有LED屏的墙壁，魔幻的包间；有天台有大厅，超凡的就餐环境。…
1462,川湘人家,¥ 14,4.6,
1463,福粥园美食坊,¥ 77,4.5,
1464,尚品咖啡,¥ 19,2.7,
1465,华莱士·全鸡汉堡(新村店),¥ 26,4.4,
1466,爱丽丝牛排,¥ 9,3.5,
1467,汉元生煎,¥ 28,4.0,
1468,佳味小厨,¥ 62,4.0,
1469,雅园川菜(后滨路店),,4.5,
1470,食赣家(海沧新埯店),¥ 37,4.0,其他位置：
1471,川大叔串串香火锅(牛庄店),¥ 59,4.1,但是食材还算新鲜，肉卷都是现切下来的。吃过两次，觉得还是团购代金券比团购两人套餐合算。人均50左右吧
1472,PHO罗勒大师(中山路店),¥ 52,4.6,精炖的汤头
1473,周阿姨手工水饺扁食店,¥ 13,3.6,"两锅粥都非常好吃分量也很足……宝贝的饭量不大，我们很努力也没能吃完。
算是在旅途最后一个不小的惊喜了"
1474,湖碟轩(SM二期购物广场店),¥ 125,3.0,
1475,沃头蠔干粥(软件园店),¥ 21,3.0,
1476,老客家食府(枋湖西路店),¥ 48,4.7,
1477,舫江饭店,¥ 57,4.5,
1478,亚朵酒店餐厅,,5.0,
1479,马杰海鲜炖品餐厅,,3.0,
1480,,,,
1481,,,,
1482,,,,
1483,,,,
1484,,,,
1485,,,,
1486,,,,
1487,,,,
1488,,,,
1489,,,,
1490,厦门大学科学艺术中心-咖啡厅,¥ 17,4.4,其他位置：
1491,佳乐多,¥ 17,4.2,
1492,向阳坊(马巷一中店),¥ 20,4.8,
1493,樱果果汁店,¥ 38,4.2,
1494,华莱士·炸鸡汉堡(塔埔店),¥ 24,4.3,
1495,御品小厨,¥ 17,3.5,
1496,森林小溪(万达店),,4.7,
1497,龙樽堡休闲餐厅,,4.0,
1498,莲花山蜜雪梨,,5.0,
1499,喝东西(阿罗海城市广场店),,5.0,
1500,五润中式早餐连锁(小学路店),¥ 12,3.5,其他位置：
1501,安德鲁森(岭兜店),¥ 26,4.0,有一方面满足了自己，就像好吃的食物大都出至吃货，他们也不例外，同时也真觉得在国内能喝到纯正味美...
1502,可百福粥店,¥ 20,--,
1503,清真伊澜居烤全羊,¥ 111,3.7,
1504,光丽饭店,¥ 70,4.0,
1505,苏氏牛骨头(洪莲中路店),¥ 23,3.0,
1506,洪西牛肉店(金山店),¥ 30,4.4,
1507,扁食妹,,4.0,
1508,老蒋家秘制红烧牛肉面(厦门机场店),,4.8,
1509,胖胖啤酒马,,5.0,
1510,沙县小吃(宋厝店),¥ 39,4.9,其他位置：
1511,星巴克(巴黎春天百货店),¥ 62,4.0,
1512,娜兰晋江牛肉馆(长乐路店),¥ 21,4.0,
1513,札幌拉面辛味屋(罗宾森购物广场店),¥ 67,4.5,
1514,沃头蠔干粥(莲坂店),¥ 56,4.0,
1515,鑫保龙海鲜大排档,¥ 28,3.5,
1516,湘乡人家(翔安店),¥ 62,3.5,
1517,华莱士·炸鸡汉堡(东孚店),,4.3,
1518,阿明海鲜大排档,,3.5,
1519,盛世经典牛排(禹洲城市广场店),,4.0,
1520,西北拉面,¥ 18,4.3,其他位置：
1521,川香红餐厅,¥ 21,3.0,跟朋友到店里消费，两个收银员服务态度非常恶劣！而且称他们店里不对外提供发票，这不是偷税漏税的行为吗
1522,南哥便当(同安店),¥ 23,4.0,
1523,华莱士(港头店),¥ 13,4.4,
1524,绝味鸭脖(何厝店),¥ 26,5.0,
1525,悦众大餐厅,,3.5,
1526,合一快速餐饮,,4.5,
1527,厦港胖姐鱼丸,,4.5,
1528,盅国味,,4.5,
1529,DQ(集美万达店),,4.6,
1530,月亮河鑫餐厅(集美店),¥ 50,5.0,其他位置：
1531,摩斯汉堡(软件园店),¥ 30,4.5,麦当劳新品抢先吃！
1532,联兴大排档,¥ 10,5.0,
1533,向阳坊烘焙名店(洪莲店),¥ 71,3.5,
1534,凤山饭店,¥ 23,3.5,
1535,龙中大排档(东渡店),¥ 10,4.0,
1536,贯口老坛酸菜牛肉面(厦门海沧店),¥ 16,3.5,
1537,西湘木桶饭(明发商业广场店),¥ 29,4.0,
1538,逢甲滷肉飯(明发商业广场店),,3.5,
1539,麦当劳(厦门仙岳路店),,4.4,
1540,油尖嘴港记餐厅(湖里万达店),¥ 77,4.8,其他位置：
1541,碧芬沙茶面,¥ 13,4.6,虾饺，吃起来口感脆脆的，挺新鲜的。【特色美食】猪肚鸡火锅 手打虾滑 港式烧鹅。【所属菜系】粤菜
1542,妙香扁食,¥ 11,3.5,
1543,昌记客家食府,¥ 58,5.0,
1544,济阳特色咸粥铺,¥ 18,--,
1545,锄食坊(新民店),¥ 29,--,
1546,华莱士·炸鸡汉堡(海裕店),¥ 57,4.5,
1547,全州韩国料理,¥ 83,4.8,
1548,冠菌海鲜肥牛自助火锅(杏林店),,3.2,
1549,玉角海鲜大排档(大学路沙坡尾店),,3.5,
1550,真真厦港卤味(福满店),¥ 33,3.5,其他位置：
1551,老金山川菜,¥ 80,5.0,感觉分量很少很少，饮品的话参水比较严重，价格也很贵，人均的话在30元左右，3、2楼装修的不错，...
1552,朝代咖啡,¥ 59,3.0,
1553,老湘亲·品鉴湘菜(海沧店),¥ 78,3.6,
1554,赣湘楼(乐都汇店),¥ 19,3.9,
1555,聂小青(中华店),¥ 11,4.8,
1556,森山仙草(宁宝店),¥ 88,4.8,
1557,鑫蓉小吃,¥ 47,3.5,
1558,五福农家菜,,3.0,
1559,丽莉的阁楼,,4.0,
1560,晋江牛肉馆(嘉禾路辅路店),¥ 19,3.5,其他位置：
1561,知品鲜沙茶面,¥ 22,4.5,
1562,重庆酸辣粉(后埭溪店),¥ 13,3.0,
1563,台湾口口冰(翔安店),¥ 15,5.0,
1564,庐东茶叶,¥ 16,3.0,
1565,阿弟排挡林利餐厅,¥ 50,2.0,
1566,森山仙草(孙厝店),¥ 18,4.8,
1567,慢摇嗨吧(兰桂坊店),,4.0,
1568,美邻扁食拌面,,4.2,
1569,湖南人家(同辉路店),,3.0,
1570,快乐番薯(万达店),¥ 8,4.4,其他位置：
1571,海鲜大排档,¥ 96,--,周末马上和男朋友去他们家吃下午茶。那个提拉米苏松饼味道也很赞。某天在微博上中了奖，真是开心死了
1572,牛佳鲜牛肉馆,¥ 12,3.0,
1573,全味堂(杏林店),¥ 21,5.0,
1574,蓝厝茶饮(上李店),¥ 42,4.5,
1575,向阳坊(同安芸溪店),¥ 24,4.8,
1576,众福碳烤全鱼馆(殿前店),,--,
1577,六巷小食杂货铺,,4.6,
1578,KOI Thé(蔡塘广场店),,4.6,
1579,椰林西餐厅,,3.0,
1580,妙香扁食(小学路店),¥ 11,3.0,其他位置：
1581,心记烧腊店,¥ 25,4.3,
1582,杨师傅烤鱼馆(孙厝店),¥ 34,--,
1583,肯德基(绿苑新城店),¥ 29,4.5,
1584,厦门都会俱乐部-青藤阁有机餐厅,¥ 144,4.9,
1585,元初食品(禾祥西店),¥ 36,4.3,
1586,山巷枸杞(滨北店),¥ 14,3.0,
1587,捕鱼人海鲜餐厅,¥ 78,4.1,
1588,臻食汇,¥ 149,4.0,
1589,留言驿站,,4.0,
1590,闽台香肉燕,¥ 13,4.0,其他位置：
1591,鑫八号,¥ 40,3.0,老香港的装修风格，冰火菠萝包是必点菜。
1592,斯利美(石鼓路店),¥ 21,4.1,
1593,厦门甘萃芝旅(滨北店),¥ 20,5.0,
1594,深海鱼粥,¥ 76,3.0,
1595,享汁味冰果,¥ 18,3.5,
1596,香港传奇,¥ 11,4.0,
1597,素珍小吃店,,5.0,
1598,向阳坊烘焙名店(鹭江新城店),,4.0,
1599,福鼎特色,,3.5,
1600,花雕传奇·新派中国菜(松柏店),¥ 76,4.3,其他位置：
1601,MiaouBistro喵呜,¥ 85,5.0,
1602,星巴克(厦门SM城市广场分店),¥ 33,5.0,
1603,海南鸡饭(台湾街店),¥ 16,4.5,
1604,莲花餐厅,¥ 36,3.0,
1605,转转乐涮涮锅(老虎城一店),¥ 25,4.3,
1606,好好海鲜馆,¥ 13,4.7,
1607,泉州牛肉店(巷东路店),¥ 72,3.0,
1608,特香包(梧侣店),,4.5,
1609,如是酒店素斋馆(文屏店),,4.7,
1610,唐森海鲜大排档,¥ 102,4.8,其他位置：
1611,川湘食府,¥ 16,5.0,
1612,宝多美(人才金桥店),¥ 19,3.5,
1613,五润中式早餐连锁,¥ 75,3.0,
1614,向阳坊(西桥店),¥ 22,5.0,
1615,洪濑黑果鸡爪(后溪店),¥ 98,3.5,
1616,元初食品(加州商业广场店),¥ 36,5.0,
1617,铭旭小吃馆,,4.0,
1618,大嶝浯江总店,,4.5,
1619,林川海鲜大排档,,4.5,
1620,晋江牛肉馆(湖滨一里店),¥ 15,4.4,其他位置：
1621,老塞咖啡(岭兜店),¥ 15,4.0,陶瓷座凳花样靓丽，各式汤包汁水鲜美。
1622,众口乐烧腊,¥ 27,3.5,
1623,仙芋冰·绵绵冰/烧仙草(曾厝埯店),¥ 27,4.8,
1624,庆君汤包·沙茶面,¥ 23,4.8,
1625,天津包子专卖,¥ 78,--,
1626,羊上房碳火烤羊腿(明发商业广场店),¥ 46,4.1,
1627,台湾兰香子,¥ 50,4.0,
1628,尊宝比萨(金鸡亭店),,4.7,
1629,向阳坊烘焙名店(卧龙晓城店),,3.5,
1630,向阳坊烘焙名店(国贸新城店),¥ 39,4.0,其他位置：
1631,珍铭味活鱼老店(同安店),¥ 71,5.0,
1632,吴记姜母鸭,¥ 13,4.6,
1633,华莱士·炸鸡汉堡(市场路店),¥ 10,3.5,
1634,吸引茶饮(阿罗海城市广场店),¥ 15,5.0,
1635,品中味美食,¥ 21,5.0,
1636,阿荣烤鱼排档,¥ 52,5.0,
1637,祥好佳饭店,,5.0,
1638,向阳坊烘焙名店(未来橙堡店),,4.1,
1639,纳福堂生蚝馆烧烤,,4.4,
1640,沙龙系咖啡厅,¥ 41,3.5,其他位置：
1641,比哥鸡排(黄厝店),¥ 18,4.0,Q弹的芋圆搭配独家奶茶，每一口都超满足。
1642,重庆满圆春面馆,¥ 12,4.0,好评如潮的闽菜馆子，各类佳肴口味地道。
1643,艺鑫枸杞,¥ 22,5.0,
1644,万家粥铺(华光西路店),¥ 100,--,
1645,灌口周宝珍卤味(徐厝分店),¥ 73,4.0,
1646,KOI Thé(老虎城定安店),,4.7,
1647,德润楼东北菜馆,,4.5,
1648,魁银美食,,5.0,
1649,角落经济小炒,,4.6,
1650,财利·禾东鸭肉小吃店,¥ 17,4.0,其他位置：
1651,MoHouse毛家食馆,¥ 137,4.0,自助啤酒坊，设有外国友人的现场表演。
1652,燕安居(嘉禾旗舰店),¥ 5,3.5,
1653,味佳香,¥ 31,4.4,
1654,王记花生汤,¥ 12,3.0,
1655,正宗湖南湘菜馆,¥ 57,--,
1656,山西一绝(华大店),¥ 166,3.5,
1657,味吞,,5.0,
1658,源昌凯宾斯基大酒店·普拉那啤酒坊,,4.8,
1659,万旺牛肉面,,5.0,
1660,诺阳饭店(同安店),¥ 47,3.5,其他位置：
1661,妙香扁食,¥ 10,5.0,
1662,万惠香扁食,¥ 11,3.0,
1663,妙香扁食(江头东路店),¥ 33,3.0,
1664,功夫膳房瓦罐煨汤馆,¥ 30,4.9,
1665,劲松饭店,¥ 27,3.5,
1666,忆时光咖啡厅,,4.0,
1667,客莱茵汉堡,,3.6,
1668,佳香园鸭肉小吃店,,--,
1669,斯利美(海天店),,4.0,
1670,,,,
1671,,,,
1672,,,,
1673,,,,
1674,,,,
1675,,,,
1676,,,,
1677,,,,
1678,,,,
1679,,,,
1680,,,,
1681,,,,
1682,,,,
1683,,,,
1684,,,,
1685,,,,
1686,,,,
1687,,,,
1688,,,,
1689,,,,
1690,咪家烘焙(海沧7店),¥ 19,3.9,其他位置：
1691,苏发晋江牛肉馆,¥ 42,3.0,
1692,笑忘阁,¥ 22,4.0,
1693,黄则和花生汤店(康乐店),¥ 26,4.5,
1694,阿霖小炒,¥ 67,5.0,
1695,必胜客(金湖路店),¥ 50,4.3,
1696,戈尔曼家族西餐厅,¥ 11,5.0,
1697,茶物语(杏林店),¥ 101,4.7,
1698,渔夫馆,,4.0,
1699,羊羊乐碳烤羊腿(汇景店),,4.0,
1700,真真厦港卤味(岭兜分店),¥ 19,5.0,其他位置：
1701,真真厦港卤味(林后店),¥ 23,3.5,
1702,凌云餐厅,¥ 11,4.0,
1703,鼎福祥手擀面馆(金山店),¥ 21,4.9,
1704,茶多纷(双十中学店),¥ 16,4.0,
1705,谷田稻香,¥ 16,4.0,
1706,真真厦港卤味(凯旋店),¥ 18,3.6,
1707,享億来台湾夜市牛排,¥ 23,5.0,
1708,泉州牛肉小吃,,--,
1709,伊兰拉面,,3.5,
1710,咏蛙田鸡(南中广场店),¥ 74,4.4,其他位置：
1711,一甜壹鲜(汇景店),¥ 18,4.4,
1712,三得利,¥ 68,5.0,
1713,双合水饺(长青路口店),¥ 42,4.6,
1714,国华饭店,¥ 92,5.0,
1715,馨园海鲜大排档|始于1998年,¥ 17,3.5,
1716,新景美食汇,,5.0,
1717,闽川美食,,4.0,
1718,西北拉面(中山公园南路店),,4.0,
1719,好再来,,4.0,
1720,泉州牛肉牛排,¥ 11,5.0,其他位置：
1721,清真餐厅,¥ 27,4.7,
1722,阿彬小排档,¥ 41,3.0,
1723,家和园海鲜餐厅,¥ 13,4.7,
1724,妙香扁食,¥ 19,3.0,
1725,华莱士(乐活店),¥ 19,4.4,
1726,98阿春大排档,,5.0,
1727,泥山饭店,,4.6,
1728,杭州小笼包,,3.0,
1729,圣慈斋(同安西池店),,4.5,
1730,小宇宙(集美店),¥ 14,4.0,其他位置：
1731,妙香扁食(祥店中路店),¥ 11,4.0,味全鲜奶搭配咖啡，丰富的层次，口感多变。
1732,杰克小站休闲吧(明发商业广场店),¥ 15,4.0,
1733,默迹咖啡馆,¥ 63,4.9,
1734,陕西小吃(海达路店),¥ 15,4.0,
1735,锦华沙茶面,¥ 13,4.0,
1736,仙芋世家(万达店),¥ 20,4.7,
1737,大又脆(中山公园店),¥ 13,3.5,
1738,茶巢(竹坑店),¥ 10,4.0,
1739,咖啡自留地(自留地1号店),,5.0,
1740,灌口周宝珍卤味(嘉园路店),¥ 68,3.0,其他位置：
1741,十八味闽南传承菜(乐都汇店),¥ 34,4.3,北管音乐，寓意丰富的剑狮，走进台南风味。
1742,百味香重庆鸡公煲(厦大学生公寓老店),¥ 39,4.0,
1743,湘香红湘菜馆(乌涂商业街店),¥ 88,4.5,
1744,琼头新村亚良餐厅,¥ 23,5.0,
1745,黄则和花生汤店(永升店),¥ 19,4.6,
1746,黄则和花生汤店(华昌店),¥ 31,4.2,
1747,老台南小吃(中山路店),¥ 75,4.9,
1748,帅乡新派川菜(明发店),,5.0,
1749,家味鲜食府,,4.6,
1750,南昌人家(吕岭店),¥ 56,4.0,其他位置：
1751,嘀听咖啡(厦门芙蓉苑店),¥ 17,4.8,
1752,五润WeRocM,¥ 11,4.5,
1753,碗碗香面庄(华侨大学店),¥ 26,5.0,
1754,幸福·焙多芬,¥ 51,3.0,
1755,德鲜云吞面(总店),¥ 58,4.0,
1756,泉州牛肉牛排,,--,
1757,鲜宴石锅鱼餐厅,,3.5,
1758,紫阳阁美食园,,4.0,
1759,桥亭活鱼小镇(罗宾森店),,4.0,
1760,兵哥川味水煮鱼,¥ 87,--,其他位置：
1761,闽杭实惠小炒,¥ 117,5.0,既享受了自助烧烤的乐趣，又免于油烟困扰，正宗的韩式料理。
1762,招财晋宝·山西小馆(莲景店),¥ 60,4.7,
1763,川滋味餐厅,,3.5,
1764,江苏丽饭店,,4.3,
1765,好吃沙茶面,,5.0,
1766,汉拿山(集美万达店),,4.8,
1767,小坪森林人家,,4.0,
1768,安第仕创意烘焙餐厅(SM一期店),,3.9,
1769,海中天,,3.5,
1770,向阳坊(阳鸿新城店),¥ 19,3.0,其他位置：
1771,向阳坊烘焙名店(集美孙厝店),¥ 78,4.2,...自己炒，可以煎、铁板、锡纸，花样很多，菜也非常新鲜，都是老板都已经配好的，只要负责下锅就会好吃
1772,老知青(中华城店),¥ 10,4.5,
1773,双春达饭店,¥ 90,4.0,
1774,沙县小吃,¥ 11,--,
1775,喜纳多煸豆干,¥ 15,3.0,
1776,莆田卤面,¥ 13,5.0,
1777,安德鲁森(未来海岸店),,4.5,
1778,安德鲁森(瑞声达店),,4.9,
1779,幸福来敲门,,3.5,
1780,阿伟生蚝馆(禾祥西路店),¥ 112,4.0,其他位置：
1781,小宇宙(江头店),¥ 15,4.6,纠错第十弹，是瞎扯淡不是虾扯蛋，不过这味...
1782,麦嘉基(阳翟店),¥ 17,--,
1783,鱼旨寿司(海沧店),¥ 60,3.6,
1784,虾扯蛋,¥ 14,3.9,
1785,四季丰自助烤肉火锅,¥ 55,5.0,
1786,味食尚(翔安汇景店),¥ 68,4.7,
1787,鲜翠茶(同安店),¥ 15,4.8,
1788,小香村,¥ 25,3.5,
1789,荣辉鸭肉小吃店,,4.0,
1790,荣鑫酸笋面,¥ 14,3.5,其他位置：
1791,阿桂红烧牛肉面馆,¥ 34,4.5,星级酒店的老牌闽南风味餐厅，海鲜是特色。
1792,一口福大排档,¥ 180,5.0,...在宾馆附近的鹭风酒楼，同学的同事推荐的，不错，菜量足，味道好，就是点太多了，还剩下不少，浪费了
1793,澳门酒楼,¥ 91,3.0,
1794,亚珠大酒楼·厦门老字号(杏林店),¥ 18,4.6,
1795,鹭风酒楼(中山公园店),,4.4,
1796,金天桥饭店,,4.8,
1797,华莱士·炸鸡汉堡(安兜社店),,3.5,
1798,川湘菜馆,,--,
1799,武状元饼家,,4.0,
1800,天竺山西门口饭店,¥ 84,3.5,其他位置：
1801,后院糖水铺子,¥ 19,5.0,"
不仅小店可爱，还有团购！看着满眼的“超级玛丽”玩具，不禁回忆起那时候拿着游戏手柄顶金币的画面"
1802,日光岩馅饼,¥ 67,4.4,
1803,27号水管,¥ 14,4.3,
1804,一口天碳烤活鱼馆,¥ 60,5.0,
1805,CoCo都可(集美石鼓店),¥ 15,4.7,
1806,日味源烧肉&火锅(杏林店),¥ 28,4.0,
1807,辛格小镇,¥ 36,4.4,
1808,山野农家赣湘菜,,3.0,
1809,东风红鸭肉小吃店,,4.5,
1810,细辉鸭肉小吃,¥ 74,3.0,其他位置：
1811,跃辉海鲜排档,¥ 58,3.5,装修古朴清幽的咖啡店，让人心神宁静放松。
1812,金枝小吃店,¥ 24,3.5,
1813,莫奈花园cafe(鼓浪屿店),¥ 111,4.3,
1814,江西口味村,¥ 56,4.0,
1815,麦当劳(厦门枋湖车站店),¥ 16,3.5,
1816,公园阿珠大排档,,5.0,
1817,黄尚煌三汁焖锅(岭兜店),,3.0,
1818,鑫老杨牛肉面馆,,3.0,
1819,向阳坊(同安后炉店),,4.7,
1820,向阳坊(兴隆路店),¥ 106,3.0,其他位置：
1821,洪文大排档,¥ 25,4.5,向阳坊的分店“真多”啊，“走到哪都有”。店面小小的，各式西点摆放得“错落有致”。面包看起来都“很新鲜”的样子；蛋糕口感…
1822,优熹咖啡(仙岳店),¥ 263,3.5,不可超越，Top1……惭愧了，厦门特色美食记不得哪家，其他的倒是吃了个遍……
1823,the f bistro,¥ 29,4.6,
1824,MARMARA,¥ 18,4.6,
1825,鲜饮空间,¥ 52,--,
1826,豪佳香(灌口店),¥ 30,3.6,
1827,Ecash美式热狗(嘉禾路店),¥ 23,4.5,
1828,华莱士·炸鸡汉堡(郑坂店),¥ 27,4.3,
1829,好香来瓦罐汤馆,,5.0,
1830,,,,
1831,,,,
1832,,,,
1833,,,,
1834,,,,
1835,,,,
1836,,,,
1837,,,,
1838,,,,
1839,,,,
1840,微风乐集,¥ 65,4.8,其他位置：
1841,莲花苏记莆田卤面馆,¥ 16,3.5,如今在厦门遍地是加盟店，阿肥发超市不同于厦门的扁食，在汤头上也做了一点功夫，漳州的阿肥发还会加...
1842,林记酸菜面(滨湖东路店),¥ 18,4.0,
1843,晋江老戴牛肉馆(江头美食城分店),¥ 44,3.9,
1844,caffebene咖啡陪你(集美万达金街店),¥ 10,4.5,
1845,咪家烘焙(海沧3店),¥ 16,4.5,
1846,子母粉丝(海沧店),¥ 37,3.0,
1847,蚁窝,¥ 134,4.5,
1848,阿肥发扁食(莲景二路店),,5.0,
1849,悦来餐厅,,3.7,
1850,赣南人家(园山南路店),¥ 43,5.0,其他位置：
1851,龙苑美食,¥ 49,3.5,
1852,幺妹川菜馆,¥ 15,3.0,
1853,王伯台式便当店,¥ 26,5.0,
1854,京城御面堂(海达路店),¥ 75,3.5,
1855,哈根达斯(集美万达店),¥ 22,4.1,
1856,麦当劳(厦门莲前西路得来速餐厅),,4.6,
1857,暻福农庄,,3.0,
1858,川滋味餐厅(后坑分店),,--,
1859,清真西北拉面馆,,3.5,
1860,亚龙鸭肉店(禾祥西路店),¥ 22,3.5,其他位置：
1861,宾果每日(滨北店),¥ 12,3.5,
1862,珠泽海鲜坊(原珠泽小鱿鱼),¥ 60,5.0,
1863,阿建牛肉庵,¥ 29,4.6,
1864,西安风味小吃,¥ 17,4.8,
1865,晋江牛肉馆(大洲店),¥ 19,3.5,
1866,妙香扁食,¥ 9,2.0,
1867,杏林第一包(纺织路店),¥ 57,4.3,
1868,食域自助烤肉餐厅,,3.4,
1869,3公里咖啡,,3.0,
1870,尚口美海鲜大排档,¥ 90,--,其他位置：
1871,避风塘时尚饮品连锁店(滨湖北路店),¥ 17,4.0,
1872,天下客木桶饭(寨上店),¥ 44,4.3,
1873,汇三源,¥ 7,5.0,
1874,樊记西安小吃,,4.5,
1875,味千拉面(厦门湖里万达分店),,3.4,
1876,蒙多咖啡(鼓浪屿店),,4.5,
1877,闽湘阁,,3.5,
1878,妙香扁食(厦禾路店),,4.8,
1879,永丰鱼丸(东浦路店),,4.0,
1880,麻辣香锅,¥ 34,4.0,其他位置：
1881,桥亭活鱼小镇(七星路店),¥ 61,3.7,顺便中午就在五缘湾的表叔家吃午饭。点了最爱的菠萝包，没有乳鸽就只能点其他的了。团购了一下，便宜20块
1882,藏金阁餐饮,¥ 73,4.0,
1883,沙县小吃,¥ 10,3.5,
1884,鼓浪屿鸡蛋仔,¥ 76,4.7,
1885,台湾汉宫姜母鸭,¥ 61,5.0,
1886,表叔茶餐厅(五缘湾·乐都汇),¥ 81,3.7,
1887,阿桂小鱼港,¥ 61,4.2,
1888,江南小镇,,3.5,
1889,大嶝岛景霞大排档,,5.0,
1890,绝味鸭脖(南中广场店),¥ 36,4.6,其他位置：
1891,绝味鸭脖(源昌店),¥ 28,5.0,
1892,北国春美食城,¥ 19,5.0,
1893,脆皮炸鸡(金鸡亭专卖店),¥ 18,4.0,
1894,乡村瓦罐煨汤馆,¥ 15,3.5,
1895,唐鑫川菜馆,¥ 10,3.5,
1896,欧德隆(SM城市广场店),¥ 11,3.7,
1897,玖霸咖啡店(同安店),,4.7,
1898,沙县小吃,,--,
1899,豆仔尾沙茶面(文屏路店),,3.5,
1900,,,,
1901,,,,
1902,,,,
1903,,,,
1904,,,,
1905,,,,
1906,,,,
1907,,,,
1908,,,,
1909,,,,
1910,麦多桑料理,¥ 128,3.0,其他位置：
1911,粥乐美,¥ 27,4.0,
1912,麦当劳(同新路店),¥ 19,4.5,
1913,春英古庄沙茶面,¥ 91,5.0,
1914,海瓜子,¥ 25,1.0,
1915,仙富林记小吃,¥ 27,4.0,
1916,向阳坊(都市港湾店),,4.7,
1917,艺能面包坊(新埯店),,--,
1918,肯德基(后滨店),,3.5,
1919,林强鸭肉店,,4.7,
1920,华乐士(孙厝店),¥ 17,4.4,其他位置：
1921,摩斯汉堡(梧村店),¥ 25,4.4,
1922,莆田卤面馆,¥ 14,3.0,
1923,果吸,¥ 125,3.5,
1924,盛世经典牛排(欣融泰店),¥ 69,3.5,
1925,盛世经典牛排(悦实广场店),¥ 14,4.1,
1926,龙岩粉面馆,¥ 12,4.0,
1927,荣记红菇卤面馆,¥ 11,4.5,
1928,桂林米粉(嘉禾店),,4.0,
1929,阿肥发扁食(凤林店),,--,
1930,肯德基(马巷店),¥ 38,4.3,其他位置：
1931,马拉桑(内厝澳店),¥ 18,4.5,当地有名的美式牛扒馆，厨师团队来自美国
1932,惟尚,¥ 210,4.6,
1933,彤昕郭记烧烤,¥ 14,3.0,
1934,西北拉面(嘉园店),¥ 15,4.0,
1935,宝岛美食花生卷冰淇淋,¥ 15,3.5,
1936,阿肥发扁食(祥和广场店),¥ 578,4.0,
1937,味友鸭面线(后溪店),,3.5,
1938,江西小炒(寨上店),,3.0,
1939,狼群斯美式牛扒皇(磐基店),,4.7,
1940,,,,
1941,,,,
1942,,,,
1943,,,,
1944,,,,
1945,,,,
1946,,,,
1947,,,,
1948,,,,
1949,,,,
